label,workload,scale,U,round,n_miss,longest_run,n_bursts,misses_in_bursts,burst_share
IRQ steering removed,model1,soft,0.1,1,0,0,0,0,
IRQ steering removed,model1,soft,0.1,2,0,0,0,0,
IRQ steering removed,model1,soft,0.1,3,0,0,0,0,
IRQ steering removed,model1,soft,0.1,4,1,1,0,0,0.0
baseline (full isolation),model1,soft,0.1,1,0,0,0,0,
baseline (full isolation),model1,soft,0.1,2,0,0,0,0,
baseline (full isolation),model1,soft,0.1,3,2,1,0,0,0.0
baseline (full isolation),model1,soft,0.1,4,1,1,0,0,0.0
boot-params bundle removed,model1,soft,0.1,1,0,0,0,0,
boot-params bundle removed,model1,soft,0.1,2,0,0,0,0,
boot-params bundle removed,model1,soft,0.1,3,0,0,0,0,
boot-params bundle removed,model1,soft,0.1,4,0,0,0,0,
frequency pinning removed,model1,soft,0.1,1,0,0,0,0,
frequency pinning removed,model1,soft,0.1,2,0,0,0,0,
frequency pinning removed,model1,soft,0.1,3,0,0,0,0,
frequency pinning removed,model1,soft,0.1,4,0,0,0,0,
isolcpus removed,model1,soft,0.1,1,411,4,69,155,0.3771289537712895
isolcpus removed,model1,soft,0.1,2,81,2,1,2,0.024691358024691357
isolcpus removed,model1,soft,0.1,3,0,0,0,0,
isolcpus removed,model1,soft,0.1,4,4,1,0,0,0.0
nohz_full removed,model1,soft,0.1,1,61,2,6,12,0.19672131147540983
nohz_full removed,model1,soft,0.1,2,6,1,0,0,0.0
nohz_full removed,model1,soft,0.1,3,39,2,1,2,0.05128205128205128
nohz_full removed,model1,soft,0.1,4,2,1,0,0,0.0
rcu_nocbs removed,model1,soft,0.1,1,0,0,0,0,
rcu_nocbs removed,model1,soft,0.1,2,0,0,0,0,
rcu_nocbs removed,model1,soft,0.1,3,0,0,0,0,
rcu_nocbs removed,model1,soft,0.1,4,0,0,0,0,
systemd containment removed,model1,soft,0.1,1,0,0,0,0,
systemd containment removed,model1,soft,0.1,2,5,1,0,0,0.0
systemd containment removed,model1,soft,0.1,3,22,1,0,0,0.0
systemd containment removed,model1,soft,0.1,4,83,3,4,9,0.10843373493975904
IRQ steering removed,model1,soft,0.2,1,0,0,0,0,
IRQ steering removed,model1,soft,0.2,2,0,0,0,0,
IRQ steering removed,model1,soft,0.2,3,0,0,0,0,
IRQ steering removed,model1,soft,0.2,4,0,0,0,0,
baseline (full isolation),model1,soft,0.2,1,0,0,0,0,
baseline (full isolation),model1,soft,0.2,2,0,0,0,0,
baseline (full isolation),model1,soft,0.2,3,1,1,0,0,0.0
baseline (full isolation),model1,soft,0.2,4,0,0,0,0,
boot-params bundle removed,model1,soft,0.2,1,0,0,0,0,
boot-params bundle removed,model1,soft,0.2,2,0,0,0,0,
boot-params bundle removed,model1,soft,0.2,3,0,0,0,0,
boot-params bundle removed,model1,soft,0.2,4,0,0,0,0,
frequency pinning removed,model1,soft,0.2,1,0,0,0,0,
frequency pinning removed,model1,soft,0.2,2,0,0,0,0,
frequency pinning removed,model1,soft,0.2,3,0,0,0,0,
frequency pinning removed,model1,soft,0.2,4,0,0,0,0,
isolcpus removed,model1,soft,0.2,1,334,4,49,106,0.31736526946107785
isolcpus removed,model1,soft,0.2,2,7,1,0,0,0.0
isolcpus removed,model1,soft,0.2,3,1,1,0,0,0.0
isolcpus removed,model1,soft,0.2,4,2,1,0,0,0.0
nohz_full removed,model1,soft,0.2,1,11,1,0,0,0.0
nohz_full removed,model1,soft,0.2,2,6,1,0,0,0.0
nohz_full removed,model1,soft,0.2,3,33,1,0,0,0.0
nohz_full removed,model1,soft,0.2,4,0,0,0,0,
rcu_nocbs removed,model1,soft,0.2,1,1,1,0,0,0.0
rcu_nocbs removed,model1,soft,0.2,2,0,0,0,0,
rcu_nocbs removed,model1,soft,0.2,3,0,0,0,0,
rcu_nocbs removed,model1,soft,0.2,4,0,0,0,0,
systemd containment removed,model1,soft,0.2,1,0,0,0,0,
systemd containment removed,model1,soft,0.2,2,5,1,0,0,0.0
systemd containment removed,model1,soft,0.2,3,3,1,0,0,0.0
systemd containment removed,model1,soft,0.2,4,42,1,0,0,0.0
IRQ steering removed,model1,soft,0.3,1,1,1,0,0,0.0
IRQ steering removed,model1,soft,0.3,2,0,0,0,0,
IRQ steering removed,model1,soft,0.3,3,0,0,0,0,
IRQ steering removed,model1,soft,0.3,4,0,0,0,0,
baseline (full isolation),model1,soft,0.3,1,0,0,0,0,
baseline (full isolation),model1,soft,0.3,2,0,0,0,0,
baseline (full isolation),model1,soft,0.3,3,0,0,0,0,
baseline (full isolation),model1,soft,0.3,4,0,0,0,0,
boot-params bundle removed,model1,soft,0.3,1,0,0,0,0,
boot-params bundle removed,model1,soft,0.3,2,0,0,0,0,
boot-params bundle removed,model1,soft,0.3,3,0,0,0,0,
boot-params bundle removed,model1,soft,0.3,4,0,0,0,0,
frequency pinning removed,model1,soft,0.3,1,0,0,0,0,
frequency pinning removed,model1,soft,0.3,2,0,0,0,0,
frequency pinning removed,model1,soft,0.3,3,0,0,0,0,
frequency pinning removed,model1,soft,0.3,4,0,0,0,0,
isolcpus removed,model1,soft,0.3,1,266,4,38,84,0.3157894736842105
isolcpus removed,model1,soft,0.3,2,0,0,0,0,
isolcpus removed,model1,soft,0.3,3,0,0,0,0,
isolcpus removed,model1,soft,0.3,4,2,1,0,0,0.0
nohz_full removed,model1,soft,0.3,1,5,1,0,0,0.0
nohz_full removed,model1,soft,0.3,2,1,1,0,0,0.0
nohz_full removed,model1,soft,0.3,3,6,1,0,0,0.0
nohz_full removed,model1,soft,0.3,4,0,0,0,0,
rcu_nocbs removed,model1,soft,0.3,1,0,0,0,0,
rcu_nocbs removed,model1,soft,0.3,2,0,0,0,0,
rcu_nocbs removed,model1,soft,0.3,3,0,0,0,0,
rcu_nocbs removed,model1,soft,0.3,4,0,0,0,0,
systemd containment removed,model1,soft,0.3,1,0,0,0,0,
systemd containment removed,model1,soft,0.3,2,8,2,1,2,0.25
systemd containment removed,model1,soft,0.3,3,0,0,0,0,
systemd containment removed,model1,soft,0.3,4,9,2,1,2,0.2222222222222222
IRQ steering removed,model1,soft,0.4,1,1,1,0,0,0.0
IRQ steering removed,model1,soft,0.4,2,0,0,0,0,
IRQ steering removed,model1,soft,0.4,3,0,0,0,0,
IRQ steering removed,model1,soft,0.4,4,0,0,0,0,
baseline (full isolation),model1,soft,0.4,1,0,0,0,0,
baseline (full isolation),model1,soft,0.4,2,0,0,0,0,
baseline (full isolation),model1,soft,0.4,3,0,0,0,0,
baseline (full isolation),model1,soft,0.4,4,0,0,0,0,
boot-params bundle removed,model1,soft,0.4,1,0,0,0,0,
boot-params bundle removed,model1,soft,0.4,2,0,0,0,0,
boot-params bundle removed,model1,soft,0.4,3,0,0,0,0,
boot-params bundle removed,model1,soft,0.4,4,1,1,0,0,0.0
frequency pinning removed,model1,soft,0.4,1,0,0,0,0,
frequency pinning removed,model1,soft,0.4,2,0,0,0,0,
frequency pinning removed,model1,soft,0.4,3,0,0,0,0,
frequency pinning removed,model1,soft,0.4,4,0,0,0,0,
isolcpus removed,model1,soft,0.4,1,71,2,4,8,0.11267605633802817
isolcpus removed,model1,soft,0.4,2,0,0,0,0,
isolcpus removed,model1,soft,0.4,3,3,1,0,0,0.0
isolcpus removed,model1,soft,0.4,4,0,0,0,0,
nohz_full removed,model1,soft,0.4,1,0,0,0,0,
nohz_full removed,model1,soft,0.4,2,0,0,0,0,
nohz_full removed,model1,soft,0.4,3,0,0,0,0,
nohz_full removed,model1,soft,0.4,4,1,1,0,0,0.0
rcu_nocbs removed,model1,soft,0.4,1,0,0,0,0,
rcu_nocbs removed,model1,soft,0.4,2,0,0,0,0,
rcu_nocbs removed,model1,soft,0.4,3,0,0,0,0,
rcu_nocbs removed,model1,soft,0.4,4,0,0,0,0,
systemd containment removed,model1,soft,0.4,1,1,1,0,0,0.0
systemd containment removed,model1,soft,0.4,2,0,0,0,0,
systemd containment removed,model1,soft,0.4,3,0,0,0,0,
systemd containment removed,model1,soft,0.4,4,11,1,0,0,0.0
IRQ steering removed,model1,soft,0.5,1,0,0,0,0,
IRQ steering removed,model1,soft,0.5,2,0,0,0,0,
IRQ steering removed,model1,soft,0.5,3,0,0,0,0,
IRQ steering removed,model1,soft,0.5,4,0,0,0,0,
baseline (full isolation),model1,soft,0.5,1,1,1,0,0,0.0
baseline (full isolation),model1,soft,0.5,2,0,0,0,0,
baseline (full isolation),model1,soft,0.5,3,0,0,0,0,
baseline (full isolation),model1,soft,0.5,4,0,0,0,0,
boot-params bundle removed,model1,soft,0.5,1,0,0,0,0,
boot-params bundle removed,model1,soft,0.5,2,0,0,0,0,
boot-params bundle removed,model1,soft,0.5,3,0,0,0,0,
boot-params bundle removed,model1,soft,0.5,4,0,0,0,0,
frequency pinning removed,model1,soft,0.5,1,0,0,0,0,
frequency pinning removed,model1,soft,0.5,2,0,0,0,0,
frequency pinning removed,model1,soft,0.5,3,0,0,0,0,
frequency pinning removed,model1,soft,0.5,4,0,0,0,0,
isolcpus removed,model1,soft,0.5,1,284,4,49,107,0.3767605633802817
isolcpus removed,model1,soft,0.5,2,0,0,0,0,
isolcpus removed,model1,soft,0.5,3,1,1,0,0,0.0
isolcpus removed,model1,soft,0.5,4,3,1,0,0,0.0
nohz_full removed,model1,soft,0.5,1,0,0,0,0,
nohz_full removed,model1,soft,0.5,2,0,0,0,0,
nohz_full removed,model1,soft,0.5,3,0,0,0,0,
nohz_full removed,model1,soft,0.5,4,0,0,0,0,
rcu_nocbs removed,model1,soft,0.5,1,0,0,0,0,
rcu_nocbs removed,model1,soft,0.5,2,0,0,0,0,
rcu_nocbs removed,model1,soft,0.5,3,0,0,0,0,
rcu_nocbs removed,model1,soft,0.5,4,0,0,0,0,
systemd containment removed,model1,soft,0.5,1,1,1,0,0,0.0
systemd containment removed,model1,soft,0.5,2,1,1,0,0,0.0
systemd containment removed,model1,soft,0.5,3,1,1,0,0,0.0
systemd containment removed,model1,soft,0.5,4,0,0,0,0,
IRQ steering removed,model1,soft,0.6,1,0,0,0,0,
IRQ steering removed,model1,soft,0.6,2,0,0,0,0,
IRQ steering removed,model1,soft,0.6,3,0,0,0,0,
IRQ steering removed,model1,soft,0.6,4,0,0,0,0,
baseline (full isolation),model1,soft,0.6,1,0,0,0,0,
baseline (full isolation),model1,soft,0.6,2,0,0,0,0,
baseline (full isolation),model1,soft,0.6,3,0,0,0,0,
baseline (full isolation),model1,soft,0.6,4,0,0,0,0,
boot-params bundle removed,model1,soft,0.6,1,0,0,0,0,
boot-params bundle removed,model1,soft,0.6,2,0,0,0,0,
boot-params bundle removed,model1,soft,0.6,3,0,0,0,0,
boot-params bundle removed,model1,soft,0.6,4,0,0,0,0,
frequency pinning removed,model1,soft,0.6,1,0,0,0,0,
frequency pinning removed,model1,soft,0.6,2,0,0,0,0,
frequency pinning removed,model1,soft,0.6,3,0,0,0,0,
frequency pinning removed,model1,soft,0.6,4,0,0,0,0,
isolcpus removed,model1,soft,0.6,1,358,5,67,160,0.44692737430167595
isolcpus removed,model1,soft,0.6,2,0,0,0,0,
isolcpus removed,model1,soft,0.6,3,0,0,0,0,
isolcpus removed,model1,soft,0.6,4,0,0,0,0,
nohz_full removed,model1,soft,0.6,1,0,0,0,0,
nohz_full removed,model1,soft,0.6,2,0,0,0,0,
nohz_full removed,model1,soft,0.6,3,1,1,0,0,0.0
nohz_full removed,model1,soft,0.6,4,0,0,0,0,
rcu_nocbs removed,model1,soft,0.6,1,0,0,0,0,
rcu_nocbs removed,model1,soft,0.6,2,0,0,0,0,
rcu_nocbs removed,model1,soft,0.6,3,0,0,0,0,
rcu_nocbs removed,model1,soft,0.6,4,0,0,0,0,
systemd containment removed,model1,soft,0.6,1,0,0,0,0,
systemd containment removed,model1,soft,0.6,2,0,0,0,0,
systemd containment removed,model1,soft,0.6,3,0,0,0,0,
systemd containment removed,model1,soft,0.6,4,14,1,0,0,0.0
IRQ steering removed,model1,soft,0.7,1,0,0,0,0,
IRQ steering removed,model1,soft,0.7,2,0,0,0,0,
IRQ steering removed,model1,soft,0.7,3,0,0,0,0,
IRQ steering removed,model1,soft,0.7,4,0,0,0,0,
baseline (full isolation),model1,soft,0.7,1,1,1,0,0,0.0
baseline (full isolation),model1,soft,0.7,2,0,0,0,0,
baseline (full isolation),model1,soft,0.7,3,0,0,0,0,
baseline (full isolation),model1,soft,0.7,4,0,0,0,0,
boot-params bundle removed,model1,soft,0.7,1,0,0,0,0,
boot-params bundle removed,model1,soft,0.7,2,0,0,0,0,
boot-params bundle removed,model1,soft,0.7,3,0,0,0,0,
boot-params bundle removed,model1,soft,0.7,4,0,0,0,0,
frequency pinning removed,model1,soft,0.7,1,0,0,0,0,
frequency pinning removed,model1,soft,0.7,2,0,0,0,0,
frequency pinning removed,model1,soft,0.7,3,0,0,0,0,
frequency pinning removed,model1,soft,0.7,4,0,0,0,0,
isolcpus removed,model1,soft,0.7,1,88,3,5,11,0.125
isolcpus removed,model1,soft,0.7,2,0,0,0,0,
isolcpus removed,model1,soft,0.7,3,0,0,0,0,
isolcpus removed,model1,soft,0.7,4,0,0,0,0,
nohz_full removed,model1,soft,0.7,1,0,0,0,0,
nohz_full removed,model1,soft,0.7,2,0,0,0,0,
nohz_full removed,model1,soft,0.7,3,0,0,0,0,
nohz_full removed,model1,soft,0.7,4,0,0,0,0,
rcu_nocbs removed,model1,soft,0.7,1,0,0,0,0,
rcu_nocbs removed,model1,soft,0.7,2,0,0,0,0,
rcu_nocbs removed,model1,soft,0.7,3,0,0,0,0,
rcu_nocbs removed,model1,soft,0.7,4,0,0,0,0,
systemd containment removed,model1,soft,0.7,1,0,0,0,0,
systemd containment removed,model1,soft,0.7,2,0,0,0,0,
systemd containment removed,model1,soft,0.7,3,0,0,0,0,
systemd containment removed,model1,soft,0.7,4,1,1,0,0,0.0
IRQ steering removed,model1,soft,0.8,1,0,0,0,0,
IRQ steering removed,model1,soft,0.8,2,0,0,0,0,
IRQ steering removed,model1,soft,0.8,3,0,0,0,0,
IRQ steering removed,model1,soft,0.8,4,0,0,0,0,
baseline (full isolation),model1,soft,0.8,1,0,0,0,0,
baseline (full isolation),model1,soft,0.8,2,0,0,0,0,
baseline (full isolation),model1,soft,0.8,3,1,1,0,0,0.0
baseline (full isolation),model1,soft,0.8,4,0,0,0,0,
boot-params bundle removed,model1,soft,0.8,1,0,0,0,0,
boot-params bundle removed,model1,soft,0.8,2,0,0,0,0,
boot-params bundle removed,model1,soft,0.8,3,0,0,0,0,
boot-params bundle removed,model1,soft,0.8,4,0,0,0,0,
frequency pinning removed,model1,soft,0.8,1,0,0,0,0,
frequency pinning removed,model1,soft,0.8,2,0,0,0,0,
frequency pinning removed,model1,soft,0.8,3,0,0,0,0,
frequency pinning removed,model1,soft,0.8,4,0,0,0,0,
nohz_full removed,model1,soft,0.8,1,0,0,0,0,
nohz_full removed,model1,soft,0.8,2,0,0,0,0,
nohz_full removed,model1,soft,0.8,3,0,0,0,0,
nohz_full removed,model1,soft,0.8,4,0,0,0,0,
rcu_nocbs removed,model1,soft,0.8,1,0,0,0,0,
rcu_nocbs removed,model1,soft,0.8,2,1,1,0,0,0.0
rcu_nocbs removed,model1,soft,0.8,3,0,0,0,0,
rcu_nocbs removed,model1,soft,0.8,4,0,0,0,0,
systemd containment removed,model1,soft,0.8,1,0,0,0,0,
systemd containment removed,model1,soft,0.8,2,0,0,0,0,
systemd containment removed,model1,soft,0.8,3,0,0,0,0,
systemd containment removed,model1,soft,0.8,4,1,1,0,0,0.0
IRQ steering removed,model1,soft,0.9,1,0,0,0,0,
IRQ steering removed,model1,soft,0.9,2,0,0,0,0,
IRQ steering removed,model1,soft,0.9,3,0,0,0,0,
IRQ steering removed,model1,soft,0.9,4,0,0,0,0,
baseline (full isolation),model1,soft,0.9,1,0,0,0,0,
baseline (full isolation),model1,soft,0.9,2,0,0,0,0,
baseline (full isolation),model1,soft,0.9,3,0,0,0,0,
baseline (full isolation),model1,soft,0.9,4,0,0,0,0,
boot-params bundle removed,model1,soft,0.9,1,0,0,0,0,
boot-params bundle removed,model1,soft,0.9,2,0,0,0,0,
boot-params bundle removed,model1,soft,0.9,3,0,0,0,0,
boot-params bundle removed,model1,soft,0.9,4,0,0,0,0,
frequency pinning removed,model1,soft,0.9,1,0,0,0,0,
frequency pinning removed,model1,soft,0.9,2,0,0,0,0,
frequency pinning removed,model1,soft,0.9,3,0,0,0,0,
frequency pinning removed,model1,soft,0.9,4,0,0,0,0,
nohz_full removed,model1,soft,0.9,1,0,0,0,0,
nohz_full removed,model1,soft,0.9,2,0,0,0,0,
nohz_full removed,model1,soft,0.9,3,0,0,0,0,
nohz_full removed,model1,soft,0.9,4,0,0,0,0,
rcu_nocbs removed,model1,soft,0.9,1,0,0,0,0,
rcu_nocbs removed,model1,soft,0.9,2,0,0,0,0,
rcu_nocbs removed,model1,soft,0.9,3,0,0,0,0,
rcu_nocbs removed,model1,soft,0.9,4,0,0,0,0,
systemd containment removed,model1,soft,0.9,1,0,0,0,0,
systemd containment removed,model1,soft,0.9,2,0,0,0,0,
systemd containment removed,model1,soft,0.9,3,0,0,0,0,
systemd containment removed,model1,soft,0.9,4,0,0,0,0,
IRQ steering removed,model1,soft,0.94,1,1,1,0,0,0.0
IRQ steering removed,model1,soft,0.94,2,0,0,0,0,
IRQ steering removed,model1,soft,0.94,3,0,0,0,0,
IRQ steering removed,model1,soft,0.94,4,0,0,0,0,
baseline (full isolation),model1,soft,0.94,1,1,1,0,0,0.0
baseline (full isolation),model1,soft,0.94,2,0,0,0,0,
baseline (full isolation),model1,soft,0.94,3,0,0,0,0,
baseline (full isolation),model1,soft,0.94,4,0,0,0,0,
boot-params bundle removed,model1,soft,0.94,1,0,0,0,0,
boot-params bundle removed,model1,soft,0.94,2,0,0,0,0,
boot-params bundle removed,model1,soft,0.94,3,0,0,0,0,
boot-params bundle removed,model1,soft,0.94,4,0,0,0,0,
frequency pinning removed,model1,soft,0.94,1,0,0,0,0,
frequency pinning removed,model1,soft,0.94,2,0,0,0,0,
frequency pinning removed,model1,soft,0.94,3,0,0,0,0,
frequency pinning removed,model1,soft,0.94,4,0,0,0,0,
nohz_full removed,model1,soft,0.94,1,0,0,0,0,
nohz_full removed,model1,soft,0.94,2,0,0,0,0,
nohz_full removed,model1,soft,0.94,3,0,0,0,0,
nohz_full removed,model1,soft,0.94,4,0,0,0,0,
rcu_nocbs removed,model1,soft,0.94,1,0,0,0,0,
rcu_nocbs removed,model1,soft,0.94,2,0,0,0,0,
rcu_nocbs removed,model1,soft,0.94,3,0,0,0,0,
rcu_nocbs removed,model1,soft,0.94,4,0,0,0,0,
systemd containment removed,model1,soft,0.94,1,0,0,0,0,
systemd containment removed,model1,soft,0.94,2,0,0,0,0,
systemd containment removed,model1,soft,0.94,3,0,0,0,0,
systemd containment removed,model1,soft,0.94,4,0,0,0,0,
IRQ steering removed,model1,tight,0.1,1,1,1,0,0,0.0
IRQ steering removed,model1,tight,0.1,2,0,0,0,0,
IRQ steering removed,model1,tight,0.1,3,3,1,0,0,0.0
IRQ steering removed,model1,tight,0.1,4,1,1,0,0,0.0
baseline (full isolation),model1,tight,0.1,1,0,0,0,0,
baseline (full isolation),model1,tight,0.1,2,1,1,0,0,0.0
baseline (full isolation),model1,tight,0.1,3,1,1,0,0,0.0
baseline (full isolation),model1,tight,0.1,4,0,0,0,0,
boot-params bundle removed,model1,tight,0.1,1,0,0,0,0,
boot-params bundle removed,model1,tight,0.1,2,1,1,0,0,0.0
boot-params bundle removed,model1,tight,0.1,3,1,1,0,0,0.0
boot-params bundle removed,model1,tight,0.1,4,1,1,0,0,0.0
frequency pinning removed,model1,tight,0.1,1,0,0,0,0,
frequency pinning removed,model1,tight,0.1,2,0,0,0,0,
frequency pinning removed,model1,tight,0.1,3,1,1,0,0,0.0
frequency pinning removed,model1,tight,0.1,4,1,1,0,0,0.0
isolcpus removed,model1,tight,0.1,1,238,3,22,46,0.19327731092436976
isolcpus removed,model1,tight,0.1,2,2,1,0,0,0.0
isolcpus removed,model1,tight,0.1,3,1,1,0,0,0.0
isolcpus removed,model1,tight,0.1,4,3,2,1,2,0.6666666666666666
nohz_full removed,model1,tight,0.1,1,0,0,0,0,
nohz_full removed,model1,tight,0.1,2,19,1,0,0,0.0
nohz_full removed,model1,tight,0.1,3,5,2,1,2,0.4
nohz_full removed,model1,tight,0.1,4,1,1,0,0,0.0
rcu_nocbs removed,model1,tight,0.1,1,0,0,0,0,
rcu_nocbs removed,model1,tight,0.1,2,0,0,0,0,
rcu_nocbs removed,model1,tight,0.1,3,0,0,0,0,
rcu_nocbs removed,model1,tight,0.1,4,0,0,0,0,
systemd containment removed,model1,tight,0.1,1,44,2,1,2,0.045454545454545456
systemd containment removed,model1,tight,0.1,2,5,1,0,0,0.0
systemd containment removed,model1,tight,0.1,3,1,1,0,0,0.0
systemd containment removed,model1,tight,0.1,4,32,2,1,2,0.0625
IRQ steering removed,model1,tight,0.2,1,1,1,0,0,0.0
IRQ steering removed,model1,tight,0.2,2,1,1,0,0,0.0
IRQ steering removed,model1,tight,0.2,3,0,0,0,0,
IRQ steering removed,model1,tight,0.2,4,0,0,0,0,
baseline (full isolation),model1,tight,0.2,1,0,0,0,0,
baseline (full isolation),model1,tight,0.2,2,1,1,0,0,0.0
baseline (full isolation),model1,tight,0.2,3,0,0,0,0,
baseline (full isolation),model1,tight,0.2,4,0,0,0,0,
boot-params bundle removed,model1,tight,0.2,1,0,0,0,0,
boot-params bundle removed,model1,tight,0.2,2,0,0,0,0,
boot-params bundle removed,model1,tight,0.2,3,1,1,0,0,0.0
boot-params bundle removed,model1,tight,0.2,4,0,0,0,0,
frequency pinning removed,model1,tight,0.2,1,0,0,0,0,
frequency pinning removed,model1,tight,0.2,2,1,1,0,0,0.0
frequency pinning removed,model1,tight,0.2,3,0,0,0,0,
frequency pinning removed,model1,tight,0.2,4,0,0,0,0,
isolcpus removed,model1,tight,0.2,1,183,2,11,22,0.12021857923497267
isolcpus removed,model1,tight,0.2,2,3,1,0,0,0.0
isolcpus removed,model1,tight,0.2,3,4,1,0,0,0.0
isolcpus removed,model1,tight,0.2,4,2,1,0,0,0.0
nohz_full removed,model1,tight,0.2,1,0,0,0,0,
nohz_full removed,model1,tight,0.2,2,10,1,0,0,0.0
nohz_full removed,model1,tight,0.2,3,4,1,0,0,0.0
nohz_full removed,model1,tight,0.2,4,13,1,0,0,0.0
rcu_nocbs removed,model1,tight,0.2,1,0,0,0,0,
rcu_nocbs removed,model1,tight,0.2,2,1,1,0,0,0.0
rcu_nocbs removed,model1,tight,0.2,3,0,0,0,0,
rcu_nocbs removed,model1,tight,0.2,4,0,0,0,0,
systemd containment removed,model1,tight,0.2,1,10,1,0,0,0.0
systemd containment removed,model1,tight,0.2,2,1,1,0,0,0.0
systemd containment removed,model1,tight,0.2,3,3,1,0,0,0.0
systemd containment removed,model1,tight,0.2,4,24,1,0,0,0.0
IRQ steering removed,model1,tight,0.3,1,2,1,0,0,0.0
IRQ steering removed,model1,tight,0.3,2,0,0,0,0,
IRQ steering removed,model1,tight,0.3,3,0,0,0,0,
IRQ steering removed,model1,tight,0.3,4,0,0,0,0,
baseline (full isolation),model1,tight,0.3,1,0,0,0,0,
baseline (full isolation),model1,tight,0.3,2,1,1,0,0,0.0
baseline (full isolation),model1,tight,0.3,3,0,0,0,0,
baseline (full isolation),model1,tight,0.3,4,1,1,0,0,0.0
boot-params bundle removed,model1,tight,0.3,1,0,0,0,0,
boot-params bundle removed,model1,tight,0.3,2,0,0,0,0,
boot-params bundle removed,model1,tight,0.3,3,0,0,0,0,
boot-params bundle removed,model1,tight,0.3,4,0,0,0,0,
frequency pinning removed,model1,tight,0.3,1,3,1,0,0,0.0
frequency pinning removed,model1,tight,0.3,2,1,1,0,0,0.0
frequency pinning removed,model1,tight,0.3,3,2,1,0,0,0.0
frequency pinning removed,model1,tight,0.3,4,0,0,0,0,
isolcpus removed,model1,tight,0.3,1,174,3,11,23,0.13218390804597702
isolcpus removed,model1,tight,0.3,2,3,1,0,0,0.0
isolcpus removed,model1,tight,0.3,3,4,2,1,2,0.5
isolcpus removed,model1,tight,0.3,4,4,2,1,2,0.5
nohz_full removed,model1,tight,0.3,1,0,0,0,0,
nohz_full removed,model1,tight,0.3,2,21,2,1,2,0.09523809523809523
nohz_full removed,model1,tight,0.3,3,1,1,0,0,0.0
nohz_full removed,model1,tight,0.3,4,1,1,0,0,0.0
rcu_nocbs removed,model1,tight,0.3,1,1,1,0,0,0.0
rcu_nocbs removed,model1,tight,0.3,2,0,0,0,0,
rcu_nocbs removed,model1,tight,0.3,3,1,1,0,0,0.0
rcu_nocbs removed,model1,tight,0.3,4,0,0,0,0,
systemd containment removed,model1,tight,0.3,1,8,1,0,0,0.0
systemd containment removed,model1,tight,0.3,2,1,1,0,0,0.0
systemd containment removed,model1,tight,0.3,3,1,1,0,0,0.0
systemd containment removed,model1,tight,0.3,4,41,3,2,5,0.12195121951219512
IRQ steering removed,model1,tight,0.4,1,1,1,0,0,0.0
IRQ steering removed,model1,tight,0.4,2,1,1,0,0,0.0
IRQ steering removed,model1,tight,0.4,3,0,0,0,0,
IRQ steering removed,model1,tight,0.4,4,0,0,0,0,
baseline (full isolation),model1,tight,0.4,1,1,1,0,0,0.0
baseline (full isolation),model1,tight,0.4,2,1,1,0,0,0.0
baseline (full isolation),model1,tight,0.4,3,0,0,0,0,
baseline (full isolation),model1,tight,0.4,4,2,1,0,0,0.0
boot-params bundle removed,model1,tight,0.4,1,0,0,0,0,
boot-params bundle removed,model1,tight,0.4,2,0,0,0,0,
boot-params bundle removed,model1,tight,0.4,3,0,0,0,0,
boot-params bundle removed,model1,tight,0.4,4,0,0,0,0,
frequency pinning removed,model1,tight,0.4,1,1,1,0,0,0.0
frequency pinning removed,model1,tight,0.4,2,0,0,0,0,
frequency pinning removed,model1,tight,0.4,3,1,1,0,0,0.0
frequency pinning removed,model1,tight,0.4,4,0,0,0,0,
isolcpus removed,model1,tight,0.4,1,132,2,8,16,0.12121212121212122
isolcpus removed,model1,tight,0.4,2,7,2,1,2,0.2857142857142857
isolcpus removed,model1,tight,0.4,3,2,1,0,0,0.0
isolcpus removed,model1,tight,0.4,4,1,1,0,0,0.0
nohz_full removed,model1,tight,0.4,1,0,0,0,0,
nohz_full removed,model1,tight,0.4,2,3,1,0,0,0.0
nohz_full removed,model1,tight,0.4,3,0,0,0,0,
nohz_full removed,model1,tight,0.4,4,2,1,0,0,0.0
systemd containment removed,model1,tight,0.4,1,1,1,0,0,0.0
systemd containment removed,model1,tight,0.4,2,0,0,0,0,
systemd containment removed,model1,tight,0.4,3,0,0,0,0,
systemd containment removed,model1,tight,0.4,4,23,2,1,2,0.08695652173913043
IRQ steering removed,model1,tight,0.5,1,0,0,0,0,
IRQ steering removed,model1,tight,0.5,2,1,1,0,0,0.0
IRQ steering removed,model1,tight,0.5,3,0,0,0,0,
IRQ steering removed,model1,tight,0.5,4,1,1,0,0,0.0
baseline (full isolation),model1,tight,0.5,1,0,0,0,0,
baseline (full isolation),model1,tight,0.5,2,1,1,0,0,0.0
baseline (full isolation),model1,tight,0.5,3,0,0,0,0,
baseline (full isolation),model1,tight,0.5,4,1,1,0,0,0.0
boot-params bundle removed,model1,tight,0.5,1,1,1,0,0,0.0
boot-params bundle removed,model1,tight,0.5,2,0,0,0,0,
boot-params bundle removed,model1,tight,0.5,3,0,0,0,0,
boot-params bundle removed,model1,tight,0.5,4,0,0,0,0,
frequency pinning removed,model1,tight,0.5,1,0,0,0,0,
frequency pinning removed,model1,tight,0.5,2,1,1,0,0,0.0
frequency pinning removed,model1,tight,0.5,3,1,1,0,0,0.0
frequency pinning removed,model1,tight,0.5,4,0,0,0,0,
isolcpus removed,model1,tight,0.5,1,134,3,7,16,0.11940298507462686
isolcpus removed,model1,tight,0.5,2,1,1,0,0,0.0
isolcpus removed,model1,tight,0.5,3,4,1,0,0,0.0
isolcpus removed,model1,tight,0.5,4,3,1,0,0,0.0
nohz_full removed,model1,tight,0.5,1,0,0,0,0,
nohz_full removed,model1,tight,0.5,2,3,2,1,2,0.6666666666666666
nohz_full removed,model1,tight,0.5,3,2,1,0,0,0.0
nohz_full removed,model1,tight,0.5,4,0,0,0,0,
rcu_nocbs removed,model1,tight,0.5,1,1,1,0,0,0.0
rcu_nocbs removed,model1,tight,0.5,2,0,0,0,0,
rcu_nocbs removed,model1,tight,0.5,3,1,1,0,0,0.0
rcu_nocbs removed,model1,tight,0.5,4,1,1,0,0,0.0
systemd containment removed,model1,tight,0.5,1,0,0,0,0,
systemd containment removed,model1,tight,0.5,2,0,0,0,0,
systemd containment removed,model1,tight,0.5,3,1,1,0,0,0.0
systemd containment removed,model1,tight,0.5,4,25,2,1,2,0.08
IRQ steering removed,model1,tight,0.6,1,0,0,0,0,
IRQ steering removed,model1,tight,0.6,2,1,1,0,0,0.0
IRQ steering removed,model1,tight,0.6,3,0,0,0,0,
IRQ steering removed,model1,tight,0.6,4,0,0,0,0,
baseline (full isolation),model1,tight,0.6,1,2,1,0,0,0.0
baseline (full isolation),model1,tight,0.6,2,0,0,0,0,
baseline (full isolation),model1,tight,0.6,3,0,0,0,0,
baseline (full isolation),model1,tight,0.6,4,2,1,0,0,0.0
boot-params bundle removed,model1,tight,0.6,1,0,0,0,0,
boot-params bundle removed,model1,tight,0.6,2,0,0,0,0,
boot-params bundle removed,model1,tight,0.6,3,0,0,0,0,
boot-params bundle removed,model1,tight,0.6,4,1,1,0,0,0.0
frequency pinning removed,model1,tight,0.6,1,1,1,0,0,0.0
frequency pinning removed,model1,tight,0.6,2,1,1,0,0,0.0
frequency pinning removed,model1,tight,0.6,3,1,1,0,0,0.0
frequency pinning removed,model1,tight,0.6,4,0,0,0,0,
isolcpus removed,model1,tight,0.6,1,79,3,4,10,0.12658227848101267
isolcpus removed,model1,tight,0.6,2,2,1,0,0,0.0
isolcpus removed,model1,tight,0.6,3,1,1,0,0,0.0
isolcpus removed,model1,tight,0.6,4,3,2,1,2,0.6666666666666666
nohz_full removed,model1,tight,0.6,1,0,0,0,0,
nohz_full removed,model1,tight,0.6,2,7,1,0,0,0.0
nohz_full removed,model1,tight,0.6,3,0,0,0,0,
nohz_full removed,model1,tight,0.6,4,0,0,0,0,
rcu_nocbs removed,model1,tight,0.6,1,2,1,0,0,0.0
rcu_nocbs removed,model1,tight,0.6,2,1,1,0,0,0.0
rcu_nocbs removed,model1,tight,0.6,3,0,0,0,0,
rcu_nocbs removed,model1,tight,0.6,4,1,1,0,0,0.0
systemd containment removed,model1,tight,0.6,1,1,1,0,0,0.0
systemd containment removed,model1,tight,0.6,2,1,1,0,0,0.0
systemd containment removed,model1,tight,0.6,3,2,1,0,0,0.0
systemd containment removed,model1,tight,0.6,4,12,1,0,0,0.0
IRQ steering removed,model1,tight,0.7,1,1,1,0,0,0.0
IRQ steering removed,model1,tight,0.7,2,0,0,0,0,
IRQ steering removed,model1,tight,0.7,3,1,1,0,0,0.0
IRQ steering removed,model1,tight,0.7,4,0,0,0,0,
baseline (full isolation),model1,tight,0.7,1,1,1,0,0,0.0
baseline (full isolation),model1,tight,0.7,2,0,0,0,0,
baseline (full isolation),model1,tight,0.7,3,0,0,0,0,
baseline (full isolation),model1,tight,0.7,4,0,0,0,0,
boot-params bundle removed,model1,tight,0.7,1,0,0,0,0,
boot-params bundle removed,model1,tight,0.7,2,0,0,0,0,
boot-params bundle removed,model1,tight,0.7,3,1,1,0,0,0.0
boot-params bundle removed,model1,tight,0.7,4,0,0,0,0,
frequency pinning removed,model1,tight,0.7,1,1,1,0,0,0.0
frequency pinning removed,model1,tight,0.7,2,0,0,0,0,
frequency pinning removed,model1,tight,0.7,3,0,0,0,0,
frequency pinning removed,model1,tight,0.7,4,1,1,0,0,0.0
isolcpus removed,model1,tight,0.7,1,72,2,3,6,0.08333333333333333
isolcpus removed,model1,tight,0.7,2,4,2,1,2,0.5
isolcpus removed,model1,tight,0.7,3,3,1,0,0,0.0
isolcpus removed,model1,tight,0.7,4,1,1,0,0,0.0
nohz_full removed,model1,tight,0.7,1,1,1,0,0,0.0
nohz_full removed,model1,tight,0.7,2,2,1,0,0,0.0
nohz_full removed,model1,tight,0.7,3,0,0,0,0,
nohz_full removed,model1,tight,0.7,4,0,0,0,0,
rcu_nocbs removed,model1,tight,0.7,1,1,1,0,0,0.0
rcu_nocbs removed,model1,tight,0.7,2,1,1,0,0,0.0
rcu_nocbs removed,model1,tight,0.7,3,0,0,0,0,
rcu_nocbs removed,model1,tight,0.7,4,1,1,0,0,0.0
systemd containment removed,model1,tight,0.7,1,1,1,0,0,0.0
systemd containment removed,model1,tight,0.7,2,0,0,0,0,
systemd containment removed,model1,tight,0.7,3,2,1,0,0,0.0
systemd containment removed,model1,tight,0.7,4,4,1,0,0,0.0
IRQ steering removed,model1,tight,0.8,1,0,0,0,0,
IRQ steering removed,model1,tight,0.8,2,2,1,0,0,0.0
IRQ steering removed,model1,tight,0.8,3,0,0,0,0,
IRQ steering removed,model1,tight,0.8,4,0,0,0,0,
baseline (full isolation),model1,tight,0.8,1,0,0,0,0,
baseline (full isolation),model1,tight,0.8,2,1,1,0,0,0.0
baseline (full isolation),model1,tight,0.8,3,0,0,0,0,
baseline (full isolation),model1,tight,0.8,4,1,1,0,0,0.0
boot-params bundle removed,model1,tight,0.8,1,0,0,0,0,
boot-params bundle removed,model1,tight,0.8,2,0,0,0,0,
boot-params bundle removed,model1,tight,0.8,3,0,0,0,0,
boot-params bundle removed,model1,tight,0.8,4,0,0,0,0,
frequency pinning removed,model1,tight,0.8,1,2,1,0,0,0.0
frequency pinning removed,model1,tight,0.8,2,2,1,0,0,0.0
frequency pinning removed,model1,tight,0.8,3,0,0,0,0,
frequency pinning removed,model1,tight,0.8,4,1,1,0,0,0.0
nohz_full removed,model1,tight,0.8,1,0,0,0,0,
nohz_full removed,model1,tight,0.8,2,1,1,0,0,0.0
nohz_full removed,model1,tight,0.8,3,0,0,0,0,
nohz_full removed,model1,tight,0.8,4,0,0,0,0,
rcu_nocbs removed,model1,tight,0.8,1,1,1,0,0,0.0
rcu_nocbs removed,model1,tight,0.8,2,0,0,0,0,
rcu_nocbs removed,model1,tight,0.8,3,1,1,0,0,0.0
rcu_nocbs removed,model1,tight,0.8,4,0,0,0,0,
systemd containment removed,model1,tight,0.8,1,2,1,0,0,0.0
systemd containment removed,model1,tight,0.8,2,1,1,0,0,0.0
systemd containment removed,model1,tight,0.8,3,0,0,0,0,
systemd containment removed,model1,tight,0.8,4,4,1,0,0,0.0
IRQ steering removed,model1,tight,0.9,1,1,1,0,0,0.0
IRQ steering removed,model1,tight,0.9,2,2,1,0,0,0.0
IRQ steering removed,model1,tight,0.9,3,0,0,0,0,
IRQ steering removed,model1,tight,0.9,4,1,1,0,0,0.0
baseline (full isolation),model1,tight,0.9,1,0,0,0,0,
baseline (full isolation),model1,tight,0.9,2,1,1,0,0,0.0
baseline (full isolation),model1,tight,0.9,3,2,1,0,0,0.0
baseline (full isolation),model1,tight,0.9,4,1,1,0,0,0.0
boot-params bundle removed,model1,tight,0.9,1,2,1,0,0,0.0
boot-params bundle removed,model1,tight,0.9,2,1,1,0,0,0.0
boot-params bundle removed,model1,tight,0.9,3,0,0,0,0,
boot-params bundle removed,model1,tight,0.9,4,1,1,0,0,0.0
frequency pinning removed,model1,tight,0.9,1,2,1,0,0,0.0
frequency pinning removed,model1,tight,0.9,2,1,1,0,0,0.0
frequency pinning removed,model1,tight,0.9,3,0,0,0,0,
frequency pinning removed,model1,tight,0.9,4,1,1,0,0,0.0
nohz_full removed,model1,tight,0.9,1,0,0,0,0,
nohz_full removed,model1,tight,0.9,2,1,1,0,0,0.0
nohz_full removed,model1,tight,0.9,3,1,1,0,0,0.0
nohz_full removed,model1,tight,0.9,4,0,0,0,0,
rcu_nocbs removed,model1,tight,0.9,1,0,0,0,0,
rcu_nocbs removed,model1,tight,0.9,2,1,1,0,0,0.0
rcu_nocbs removed,model1,tight,0.9,3,0,0,0,0,
rcu_nocbs removed,model1,tight,0.9,4,0,0,0,0,
systemd containment removed,model1,tight,0.9,1,6,1,0,0,0.0
systemd containment removed,model1,tight,0.9,2,1,1,0,0,0.0
systemd containment removed,model1,tight,0.9,3,0,0,0,0,
systemd containment removed,model1,tight,0.9,4,3,1,0,0,0.0
IRQ steering removed,model1,tight,0.94,1,1,1,0,0,0.0
IRQ steering removed,model1,tight,0.94,2,1,1,0,0,0.0
IRQ steering removed,model1,tight,0.94,3,0,0,0,0,
IRQ steering removed,model1,tight,0.94,4,1,1,0,0,0.0
baseline (full isolation),model1,tight,0.94,1,1,1,0,0,0.0
baseline (full isolation),model1,tight,0.94,2,1,1,0,0,0.0
baseline (full isolation),model1,tight,0.94,3,1,1,0,0,0.0
baseline (full isolation),model1,tight,0.94,4,1,1,0,0,0.0
boot-params bundle removed,model1,tight,0.94,1,0,0,0,0,
boot-params bundle removed,model1,tight,0.94,2,0,0,0,0,
boot-params bundle removed,model1,tight,0.94,3,1,1,0,0,0.0
boot-params bundle removed,model1,tight,0.94,4,0,0,0,0,
frequency pinning removed,model1,tight,0.94,1,0,0,0,0,
frequency pinning removed,model1,tight,0.94,2,1,1,0,0,0.0
frequency pinning removed,model1,tight,0.94,3,0,0,0,0,
frequency pinning removed,model1,tight,0.94,4,0,0,0,0,
nohz_full removed,model1,tight,0.94,1,0,0,0,0,
nohz_full removed,model1,tight,0.94,2,6,1,0,0,0.0
nohz_full removed,model1,tight,0.94,3,0,0,0,0,
nohz_full removed,model1,tight,0.94,4,0,0,0,0,
rcu_nocbs removed,model1,tight,0.94,1,0,0,0,0,
rcu_nocbs removed,model1,tight,0.94,2,0,0,0,0,
rcu_nocbs removed,model1,tight,0.94,3,0,0,0,0,
rcu_nocbs removed,model1,tight,0.94,4,1,1,0,0,0.0
systemd containment removed,model1,tight,0.94,1,0,0,0,0,
systemd containment removed,model1,tight,0.94,2,0,0,0,0,
systemd containment removed,model1,tight,0.94,3,1,1,0,0,0.0
systemd containment removed,model1,tight,0.94,4,6,2,1,2,0.3333333333333333
IRQ steering removed,model5,soft,0.1,1,0,0,0,0,
IRQ steering removed,model5,soft,0.1,2,0,0,0,0,
IRQ steering removed,model5,soft,0.1,3,0,0,0,0,
IRQ steering removed,model5,soft,0.1,4,0,0,0,0,
baseline (full isolation),model5,soft,0.1,2,0,0,0,0,
baseline (full isolation),model5,soft,0.1,3,0,0,0,0,
baseline (full isolation),model5,soft,0.1,4,0,0,0,0,
boot-params bundle removed,model5,soft,0.1,1,1,1,0,0,0.0
boot-params bundle removed,model5,soft,0.1,2,0,0,0,0,
boot-params bundle removed,model5,soft,0.1,3,0,0,0,0,
boot-params bundle removed,model5,soft,0.1,4,0,0,0,0,
frequency pinning removed,model5,soft,0.1,1,0,0,0,0,
frequency pinning removed,model5,soft,0.1,2,2,1,0,0,0.0
frequency pinning removed,model5,soft,0.1,3,0,0,0,0,
frequency pinning removed,model5,soft,0.1,4,1,1,0,0,0.0
isolcpus removed,model5,soft,0.1,1,0,0,0,0,
isolcpus removed,model5,soft,0.1,2,0,0,0,0,
isolcpus removed,model5,soft,0.1,3,0,0,0,0,
isolcpus removed,model5,soft,0.1,4,0,0,0,0,
nohz_full removed,model5,soft,0.1,1,0,0,0,0,
nohz_full removed,model5,soft,0.1,2,0,0,0,0,
nohz_full removed,model5,soft,0.1,3,0,0,0,0,
nohz_full removed,model5,soft,0.1,4,0,0,0,0,
rcu_nocbs removed,model5,soft,0.1,1,0,0,0,0,
rcu_nocbs removed,model5,soft,0.1,2,38,1,0,0,0.0
rcu_nocbs removed,model5,soft,0.1,3,8,1,0,0,0.0
rcu_nocbs removed,model5,soft,0.1,4,0,0,0,0,
systemd containment removed,model5,soft,0.1,1,0,0,0,0,
systemd containment removed,model5,soft,0.1,2,0,0,0,0,
systemd containment removed,model5,soft,0.1,3,0,0,0,0,
systemd containment removed,model5,soft,0.1,4,0,0,0,0,
IRQ steering removed,model5,soft,0.2,1,0,0,0,0,
IRQ steering removed,model5,soft,0.2,2,0,0,0,0,
IRQ steering removed,model5,soft,0.2,3,0,0,0,0,
IRQ steering removed,model5,soft,0.2,4,0,0,0,0,
baseline (full isolation),model5,soft,0.2,1,0,0,0,0,
baseline (full isolation),model5,soft,0.2,2,0,0,0,0,
baseline (full isolation),model5,soft,0.2,3,0,0,0,0,
baseline (full isolation),model5,soft,0.2,4,0,0,0,0,
boot-params bundle removed,model5,soft,0.2,1,0,0,0,0,
boot-params bundle removed,model5,soft,0.2,2,0,0,0,0,
boot-params bundle removed,model5,soft,0.2,3,0,0,0,0,
boot-params bundle removed,model5,soft,0.2,4,0,0,0,0,
frequency pinning removed,model5,soft,0.2,1,0,0,0,0,
frequency pinning removed,model5,soft,0.2,2,2,1,0,0,0.0
frequency pinning removed,model5,soft,0.2,3,0,0,0,0,
frequency pinning removed,model5,soft,0.2,4,0,0,0,0,
isolcpus removed,model5,soft,0.2,1,2,1,0,0,0.0
isolcpus removed,model5,soft,0.2,2,0,0,0,0,
isolcpus removed,model5,soft,0.2,3,0,0,0,0,
isolcpus removed,model5,soft,0.2,4,0,0,0,0,
nohz_full removed,model5,soft,0.2,1,0,0,0,0,
nohz_full removed,model5,soft,0.2,2,0,0,0,0,
nohz_full removed,model5,soft,0.2,3,0,0,0,0,
nohz_full removed,model5,soft,0.2,4,0,0,0,0,
rcu_nocbs removed,model5,soft,0.2,1,0,0,0,0,
rcu_nocbs removed,model5,soft,0.2,2,1,1,0,0,0.0
rcu_nocbs removed,model5,soft,0.2,3,0,0,0,0,
rcu_nocbs removed,model5,soft,0.2,4,0,0,0,0,
systemd containment removed,model5,soft,0.2,1,0,0,0,0,
systemd containment removed,model5,soft,0.2,2,0,0,0,0,
systemd containment removed,model5,soft,0.2,3,0,0,0,0,
systemd containment removed,model5,soft,0.2,4,0,0,0,0,
IRQ steering removed,model5,soft,0.3,1,0,0,0,0,
IRQ steering removed,model5,soft,0.3,2,0,0,0,0,
IRQ steering removed,model5,soft,0.3,3,0,0,0,0,
IRQ steering removed,model5,soft,0.3,4,0,0,0,0,
baseline (full isolation),model5,soft,0.3,1,0,0,0,0,
baseline (full isolation),model5,soft,0.3,2,0,0,0,0,
baseline (full isolation),model5,soft,0.3,3,0,0,0,0,
baseline (full isolation),model5,soft,0.3,4,0,0,0,0,
boot-params bundle removed,model5,soft,0.3,1,0,0,0,0,
boot-params bundle removed,model5,soft,0.3,2,0,0,0,0,
boot-params bundle removed,model5,soft,0.3,3,0,0,0,0,
boot-params bundle removed,model5,soft,0.3,4,0,0,0,0,
frequency pinning removed,model5,soft,0.3,1,0,0,0,0,
frequency pinning removed,model5,soft,0.3,2,0,0,0,0,
frequency pinning removed,model5,soft,0.3,3,0,0,0,0,
frequency pinning removed,model5,soft,0.3,4,0,0,0,0,
isolcpus removed,model5,soft,0.3,1,0,0,0,0,
isolcpus removed,model5,soft,0.3,2,0,0,0,0,
isolcpus removed,model5,soft,0.3,3,1,1,0,0,0.0
isolcpus removed,model5,soft,0.3,4,0,0,0,0,
nohz_full removed,model5,soft,0.3,1,0,0,0,0,
nohz_full removed,model5,soft,0.3,2,0,0,0,0,
nohz_full removed,model5,soft,0.3,3,0,0,0,0,
nohz_full removed,model5,soft,0.3,4,0,0,0,0,
rcu_nocbs removed,model5,soft,0.3,1,1,1,0,0,0.0
rcu_nocbs removed,model5,soft,0.3,2,0,0,0,0,
rcu_nocbs removed,model5,soft,0.3,3,0,0,0,0,
rcu_nocbs removed,model5,soft,0.3,4,1,1,0,0,0.0
systemd containment removed,model5,soft,0.3,1,0,0,0,0,
systemd containment removed,model5,soft,0.3,2,0,0,0,0,
systemd containment removed,model5,soft,0.3,3,0,0,0,0,
systemd containment removed,model5,soft,0.3,4,0,0,0,0,
IRQ steering removed,model5,soft,0.4,1,0,0,0,0,
IRQ steering removed,model5,soft,0.4,2,0,0,0,0,
IRQ steering removed,model5,soft,0.4,3,0,0,0,0,
IRQ steering removed,model5,soft,0.4,4,0,0,0,0,
baseline (full isolation),model5,soft,0.4,1,0,0,0,0,
baseline (full isolation),model5,soft,0.4,2,0,0,0,0,
baseline (full isolation),model5,soft,0.4,3,0,0,0,0,
baseline (full isolation),model5,soft,0.4,4,0,0,0,0,
boot-params bundle removed,model5,soft,0.4,1,0,0,0,0,
boot-params bundle removed,model5,soft,0.4,2,0,0,0,0,
boot-params bundle removed,model5,soft,0.4,3,0,0,0,0,
boot-params bundle removed,model5,soft,0.4,4,0,0,0,0,
frequency pinning removed,model5,soft,0.4,1,0,0,0,0,
frequency pinning removed,model5,soft,0.4,2,0,0,0,0,
frequency pinning removed,model5,soft,0.4,3,2,1,0,0,0.0
frequency pinning removed,model5,soft,0.4,4,0,0,0,0,
isolcpus removed,model5,soft,0.4,1,0,0,0,0,
isolcpus removed,model5,soft,0.4,2,0,0,0,0,
isolcpus removed,model5,soft,0.4,3,0,0,0,0,
isolcpus removed,model5,soft,0.4,4,0,0,0,0,
nohz_full removed,model5,soft,0.4,1,0,0,0,0,
nohz_full removed,model5,soft,0.4,2,0,0,0,0,
nohz_full removed,model5,soft,0.4,3,0,0,0,0,
nohz_full removed,model5,soft,0.4,4,0,0,0,0,
rcu_nocbs removed,model5,soft,0.4,1,0,0,0,0,
rcu_nocbs removed,model5,soft,0.4,2,0,0,0,0,
rcu_nocbs removed,model5,soft,0.4,3,0,0,0,0,
rcu_nocbs removed,model5,soft,0.4,4,1,1,0,0,0.0
systemd containment removed,model5,soft,0.4,1,0,0,0,0,
systemd containment removed,model5,soft,0.4,2,0,0,0,0,
systemd containment removed,model5,soft,0.4,3,0,0,0,0,
systemd containment removed,model5,soft,0.4,4,0,0,0,0,
IRQ steering removed,model5,soft,0.5,1,0,0,0,0,
IRQ steering removed,model5,soft,0.5,2,0,0,0,0,
IRQ steering removed,model5,soft,0.5,3,0,0,0,0,
IRQ steering removed,model5,soft,0.5,4,0,0,0,0,
baseline (full isolation),model5,soft,0.5,1,0,0,0,0,
baseline (full isolation),model5,soft,0.5,2,0,0,0,0,
baseline (full isolation),model5,soft,0.5,3,0,0,0,0,
baseline (full isolation),model5,soft,0.5,4,0,0,0,0,
boot-params bundle removed,model5,soft,0.5,1,0,0,0,0,
boot-params bundle removed,model5,soft,0.5,2,0,0,0,0,
boot-params bundle removed,model5,soft,0.5,3,0,0,0,0,
boot-params bundle removed,model5,soft,0.5,4,0,0,0,0,
frequency pinning removed,model5,soft,0.5,1,2,1,0,0,0.0
frequency pinning removed,model5,soft,0.5,2,0,0,0,0,
frequency pinning removed,model5,soft,0.5,3,0,0,0,0,
frequency pinning removed,model5,soft,0.5,4,0,0,0,0,
isolcpus removed,model5,soft,0.5,1,1,1,0,0,0.0
isolcpus removed,model5,soft,0.5,2,0,0,0,0,
isolcpus removed,model5,soft,0.5,3,0,0,0,0,
isolcpus removed,model5,soft,0.5,4,0,0,0,0,
nohz_full removed,model5,soft,0.5,1,0,0,0,0,
nohz_full removed,model5,soft,0.5,2,0,0,0,0,
nohz_full removed,model5,soft,0.5,3,0,0,0,0,
nohz_full removed,model5,soft,0.5,4,0,0,0,0,
rcu_nocbs removed,model5,soft,0.5,1,1,1,0,0,0.0
rcu_nocbs removed,model5,soft,0.5,2,0,0,0,0,
rcu_nocbs removed,model5,soft,0.5,3,0,0,0,0,
rcu_nocbs removed,model5,soft,0.5,4,3,2,1,2,0.6666666666666666
systemd containment removed,model5,soft,0.5,1,0,0,0,0,
systemd containment removed,model5,soft,0.5,2,0,0,0,0,
systemd containment removed,model5,soft,0.5,3,1,1,0,0,0.0
systemd containment removed,model5,soft,0.5,4,0,0,0,0,
IRQ steering removed,model5,soft,0.6,1,0,0,0,0,
IRQ steering removed,model5,soft,0.6,2,0,0,0,0,
IRQ steering removed,model5,soft,0.6,3,0,0,0,0,
IRQ steering removed,model5,soft,0.6,4,0,0,0,0,
baseline (full isolation),model5,soft,0.6,1,0,0,0,0,
baseline (full isolation),model5,soft,0.6,2,0,0,0,0,
baseline (full isolation),model5,soft,0.6,3,0,0,0,0,
baseline (full isolation),model5,soft,0.6,4,0,0,0,0,
boot-params bundle removed,model5,soft,0.6,1,0,0,0,0,
boot-params bundle removed,model5,soft,0.6,2,0,0,0,0,
boot-params bundle removed,model5,soft,0.6,3,0,0,0,0,
boot-params bundle removed,model5,soft,0.6,4,0,0,0,0,
frequency pinning removed,model5,soft,0.6,1,0,0,0,0,
frequency pinning removed,model5,soft,0.6,2,2,1,0,0,0.0
frequency pinning removed,model5,soft,0.6,3,1,1,0,0,0.0
frequency pinning removed,model5,soft,0.6,4,0,0,0,0,
isolcpus removed,model5,soft,0.6,1,0,0,0,0,
isolcpus removed,model5,soft,0.6,2,0,0,0,0,
isolcpus removed,model5,soft,0.6,3,0,0,0,0,
isolcpus removed,model5,soft,0.6,4,0,0,0,0,
nohz_full removed,model5,soft,0.6,1,0,0,0,0,
nohz_full removed,model5,soft,0.6,2,0,0,0,0,
nohz_full removed,model5,soft,0.6,3,1,1,0,0,0.0
nohz_full removed,model5,soft,0.6,4,0,0,0,0,
rcu_nocbs removed,model5,soft,0.6,1,26,2,1,2,0.07692307692307693
rcu_nocbs removed,model5,soft,0.6,2,2,1,0,0,0.0
rcu_nocbs removed,model5,soft,0.6,3,2,2,1,2,1.0
rcu_nocbs removed,model5,soft,0.6,4,0,0,0,0,
systemd containment removed,model5,soft,0.6,1,0,0,0,0,
systemd containment removed,model5,soft,0.6,2,0,0,0,0,
systemd containment removed,model5,soft,0.6,3,0,0,0,0,
systemd containment removed,model5,soft,0.6,4,0,0,0,0,
IRQ steering removed,model5,soft,0.7,1,0,0,0,0,
IRQ steering removed,model5,soft,0.7,2,0,0,0,0,
IRQ steering removed,model5,soft,0.7,3,0,0,0,0,
IRQ steering removed,model5,soft,0.7,4,3,2,1,2,0.6666666666666666
baseline (full isolation),model5,soft,0.7,1,0,0,0,0,
baseline (full isolation),model5,soft,0.7,2,0,0,0,0,
baseline (full isolation),model5,soft,0.7,3,0,0,0,0,
baseline (full isolation),model5,soft,0.7,4,0,0,0,0,
boot-params bundle removed,model5,soft,0.7,1,0,0,0,0,
boot-params bundle removed,model5,soft,0.7,2,0,0,0,0,
boot-params bundle removed,model5,soft,0.7,3,0,0,0,0,
boot-params bundle removed,model5,soft,0.7,4,0,0,0,0,
frequency pinning removed,model5,soft,0.7,1,3,1,0,0,0.0
frequency pinning removed,model5,soft,0.7,2,1,1,0,0,0.0
frequency pinning removed,model5,soft,0.7,3,0,0,0,0,
frequency pinning removed,model5,soft,0.7,4,0,0,0,0,
isolcpus removed,model5,soft,0.7,1,0,0,0,0,
isolcpus removed,model5,soft,0.7,2,0,0,0,0,
isolcpus removed,model5,soft,0.7,3,0,0,0,0,
isolcpus removed,model5,soft,0.7,4,0,0,0,0,
nohz_full removed,model5,soft,0.7,1,0,0,0,0,
nohz_full removed,model5,soft,0.7,2,0,0,0,0,
nohz_full removed,model5,soft,0.7,3,0,0,0,0,
nohz_full removed,model5,soft,0.7,4,0,0,0,0,
rcu_nocbs removed,model5,soft,0.7,1,0,0,0,0,
rcu_nocbs removed,model5,soft,0.7,2,4,1,0,0,0.0
rcu_nocbs removed,model5,soft,0.7,3,0,0,0,0,
rcu_nocbs removed,model5,soft,0.7,4,0,0,0,0,
systemd containment removed,model5,soft,0.7,1,2,1,0,0,0.0
systemd containment removed,model5,soft,0.7,2,0,0,0,0,
systemd containment removed,model5,soft,0.7,3,0,0,0,0,
systemd containment removed,model5,soft,0.7,4,0,0,0,0,
IRQ steering removed,model5,soft,0.8,1,0,0,0,0,
IRQ steering removed,model5,soft,0.8,2,0,0,0,0,
IRQ steering removed,model5,soft,0.8,3,0,0,0,0,
IRQ steering removed,model5,soft,0.8,4,4,1,0,0,0.0
baseline (full isolation),model5,soft,0.8,1,0,0,0,0,
baseline (full isolation),model5,soft,0.8,2,0,0,0,0,
baseline (full isolation),model5,soft,0.8,3,0,0,0,0,
baseline (full isolation),model5,soft,0.8,4,0,0,0,0,
boot-params bundle removed,model5,soft,0.8,1,0,0,0,0,
boot-params bundle removed,model5,soft,0.8,2,0,0,0,0,
boot-params bundle removed,model5,soft,0.8,3,0,0,0,0,
boot-params bundle removed,model5,soft,0.8,4,0,0,0,0,
frequency pinning removed,model5,soft,0.8,1,1,1,0,0,0.0
frequency pinning removed,model5,soft,0.8,2,0,0,0,0,
frequency pinning removed,model5,soft,0.8,3,0,0,0,0,
frequency pinning removed,model5,soft,0.8,4,0,0,0,0,
nohz_full removed,model5,soft,0.8,1,0,0,0,0,
nohz_full removed,model5,soft,0.8,2,0,0,0,0,
nohz_full removed,model5,soft,0.8,3,0,0,0,0,
nohz_full removed,model5,soft,0.8,4,0,0,0,0,
rcu_nocbs removed,model5,soft,0.8,1,2,1,0,0,0.0
rcu_nocbs removed,model5,soft,0.8,2,12,1,0,0,0.0
rcu_nocbs removed,model5,soft,0.8,3,5,4,1,4,0.8
rcu_nocbs removed,model5,soft,0.8,4,2,1,0,0,0.0
systemd containment removed,model5,soft,0.8,1,0,0,0,0,
systemd containment removed,model5,soft,0.8,2,0,0,0,0,
systemd containment removed,model5,soft,0.8,3,0,0,0,0,
systemd containment removed,model5,soft,0.8,4,0,0,0,0,
IRQ steering removed,model5,soft,0.9,1,0,0,0,0,
IRQ steering removed,model5,soft,0.9,2,0,0,0,0,
IRQ steering removed,model5,soft,0.9,3,0,0,0,0,
IRQ steering removed,model5,soft,0.9,4,0,0,0,0,
baseline (full isolation),model5,soft,0.9,1,0,0,0,0,
baseline (full isolation),model5,soft,0.9,2,0,0,0,0,
baseline (full isolation),model5,soft,0.9,3,0,0,0,0,
baseline (full isolation),model5,soft,0.9,4,0,0,0,0,
boot-params bundle removed,model5,soft,0.9,1,0,0,0,0,
boot-params bundle removed,model5,soft,0.9,2,0,0,0,0,
boot-params bundle removed,model5,soft,0.9,3,0,0,0,0,
boot-params bundle removed,model5,soft,0.9,4,0,0,0,0,
frequency pinning removed,model5,soft,0.9,1,0,0,0,0,
frequency pinning removed,model5,soft,0.9,2,0,0,0,0,
frequency pinning removed,model5,soft,0.9,3,0,0,0,0,
frequency pinning removed,model5,soft,0.9,4,0,0,0,0,
nohz_full removed,model5,soft,0.9,1,0,0,0,0,
nohz_full removed,model5,soft,0.9,2,0,0,0,0,
nohz_full removed,model5,soft,0.9,3,0,0,0,0,
nohz_full removed,model5,soft,0.9,4,0,0,0,0,
rcu_nocbs removed,model5,soft,0.9,1,0,0,0,0,
rcu_nocbs removed,model5,soft,0.9,2,0,0,0,0,
rcu_nocbs removed,model5,soft,0.9,3,3,2,1,2,0.6666666666666666
rcu_nocbs removed,model5,soft,0.9,4,0,0,0,0,
systemd containment removed,model5,soft,0.9,1,3,1,0,0,0.0
systemd containment removed,model5,soft,0.9,2,0,0,0,0,
systemd containment removed,model5,soft,0.9,3,0,0,0,0,
systemd containment removed,model5,soft,0.9,4,0,0,0,0,
IRQ steering removed,model5,soft,0.94,1,0,0,0,0,
IRQ steering removed,model5,soft,0.94,2,0,0,0,0,
IRQ steering removed,model5,soft,0.94,3,0,0,0,0,
IRQ steering removed,model5,soft,0.94,4,22,12,3,22,1.0
baseline (full isolation),model5,soft,0.94,1,0,0,0,0,
baseline (full isolation),model5,soft,0.94,2,17,2,3,6,0.35294117647058826
baseline (full isolation),model5,soft,0.94,3,17,2,3,6,0.35294117647058826
baseline (full isolation),model5,soft,0.94,4,0,0,0,0,
boot-params bundle removed,model5,soft,0.94,1,0,0,0,0,
boot-params bundle removed,model5,soft,0.94,2,0,0,0,0,
boot-params bundle removed,model5,soft,0.94,3,0,0,0,0,
boot-params bundle removed,model5,soft,0.94,4,0,0,0,0,
frequency pinning removed,model5,soft,0.94,1,0,0,0,0,
frequency pinning removed,model5,soft,0.94,2,0,0,0,0,
frequency pinning removed,model5,soft,0.94,3,0,0,0,0,
frequency pinning removed,model5,soft,0.94,4,0,0,0,0,
nohz_full removed,model5,soft,0.94,1,0,0,0,0,
nohz_full removed,model5,soft,0.94,2,0,0,0,0,
nohz_full removed,model5,soft,0.94,3,0,0,0,0,
nohz_full removed,model5,soft,0.94,4,0,0,0,0,
rcu_nocbs removed,model5,soft,0.94,1,3,2,1,2,0.6666666666666666
rcu_nocbs removed,model5,soft,0.94,2,3,1,0,0,0.0
rcu_nocbs removed,model5,soft,0.94,3,5,3,1,3,0.6
rcu_nocbs removed,model5,soft,0.94,4,20,1,0,0,0.0
systemd containment removed,model5,soft,0.94,1,0,0,0,0,
systemd containment removed,model5,soft,0.94,2,0,0,0,0,
systemd containment removed,model5,soft,0.94,3,1,1,0,0,0.0
systemd containment removed,model5,soft,0.94,4,0,0,0,0,
IRQ steering removed,model5,tight,0.1,1,0,0,0,0,
IRQ steering removed,model5,tight,0.1,2,0,0,0,0,
IRQ steering removed,model5,tight,0.1,3,4,2,1,2,0.5
IRQ steering removed,model5,tight,0.1,4,28,2,2,4,0.14285714285714285
baseline (full isolation),model5,tight,0.1,1,0,0,0,0,
baseline (full isolation),model5,tight,0.1,2,1,1,0,0,0.0
baseline (full isolation),model5,tight,0.1,3,2,1,0,0,0.0
baseline (full isolation),model5,tight,0.1,4,0,0,0,0,
boot-params bundle removed,model5,tight,0.1,1,0,0,0,0,
boot-params bundle removed,model5,tight,0.1,2,2,1,0,0,0.0
boot-params bundle removed,model5,tight,0.1,3,0,0,0,0,
boot-params bundle removed,model5,tight,0.1,4,0,0,0,0,
frequency pinning removed,model5,tight,0.1,1,0,0,0,0,
frequency pinning removed,model5,tight,0.1,2,1,1,0,0,0.0
frequency pinning removed,model5,tight,0.1,3,13,2,1,2,0.15384615384615385
frequency pinning removed,model5,tight,0.1,4,0,0,0,0,
isolcpus removed,model5,tight,0.1,1,0,0,0,0,
isolcpus removed,model5,tight,0.1,2,2,1,0,0,0.0
isolcpus removed,model5,tight,0.1,3,3,1,0,0,0.0
isolcpus removed,model5,tight,0.1,4,3,1,0,0,0.0
nohz_full removed,model5,tight,0.1,1,0,0,0,0,
nohz_full removed,model5,tight,0.1,2,0,0,0,0,
nohz_full removed,model5,tight,0.1,3,0,0,0,0,
nohz_full removed,model5,tight,0.1,4,1,1,0,0,0.0
rcu_nocbs removed,model5,tight,0.1,1,32,3,2,5,0.15625
rcu_nocbs removed,model5,tight,0.1,2,66,3,7,15,0.22727272727272727
rcu_nocbs removed,model5,tight,0.1,3,194,3,7,16,0.08247422680412371
rcu_nocbs removed,model5,tight,0.1,4,19,2,1,2,0.10526315789473684
systemd containment removed,model5,tight,0.1,1,1,1,0,0,0.0
systemd containment removed,model5,tight,0.1,2,2,1,0,0,0.0
systemd containment removed,model5,tight,0.1,3,15,1,0,0,0.0
systemd containment removed,model5,tight,0.1,4,0,0,0,0,
IRQ steering removed,model5,tight,0.2,1,1,1,0,0,0.0
IRQ steering removed,model5,tight,0.2,2,0,0,0,0,
IRQ steering removed,model5,tight,0.2,3,1,1,0,0,0.0
IRQ steering removed,model5,tight,0.2,4,11,4,1,4,0.36363636363636365
baseline (full isolation),model5,tight,0.2,1,1,1,0,0,0.0
baseline (full isolation),model5,tight,0.2,2,2,1,0,0,0.0
baseline (full isolation),model5,tight,0.2,3,3,1,0,0,0.0
baseline (full isolation),model5,tight,0.2,4,2,1,0,0,0.0
boot-params bundle removed,model5,tight,0.2,1,13,1,0,0,0.0
boot-params bundle removed,model5,tight,0.2,2,1,1,0,0,0.0
boot-params bundle removed,model5,tight,0.2,3,1,1,0,0,0.0
boot-params bundle removed,model5,tight,0.2,4,0,0,0,0,
frequency pinning removed,model5,tight,0.2,1,1,1,0,0,0.0
frequency pinning removed,model5,tight,0.2,2,1,1,0,0,0.0
frequency pinning removed,model5,tight,0.2,3,1,1,0,0,0.0
frequency pinning removed,model5,tight,0.2,4,0,0,0,0,
isolcpus removed,model5,tight,0.2,1,3,1,0,0,0.0
isolcpus removed,model5,tight,0.2,2,4,1,0,0,0.0
isolcpus removed,model5,tight,0.2,3,1,1,0,0,0.0
isolcpus removed,model5,tight,0.2,4,0,0,0,0,
nohz_full removed,model5,tight,0.2,1,0,0,0,0,
nohz_full removed,model5,tight,0.2,2,1,1,0,0,0.0
nohz_full removed,model5,tight,0.2,3,1,1,0,0,0.0
nohz_full removed,model5,tight,0.2,4,0,0,0,0,
systemd containment removed,model5,tight,0.2,1,0,0,0,0,
systemd containment removed,model5,tight,0.2,2,4,1,0,0,0.0
systemd containment removed,model5,tight,0.2,3,0,0,0,0,
systemd containment removed,model5,tight,0.2,4,0,0,0,0,
IRQ steering removed,model5,tight,0.3,1,1,1,0,0,0.0
IRQ steering removed,model5,tight,0.3,2,1,1,0,0,0.0
IRQ steering removed,model5,tight,0.3,3,1,1,0,0,0.0
IRQ steering removed,model5,tight,0.3,4,6,3,1,3,0.5
baseline (full isolation),model5,tight,0.3,1,0,0,0,0,
baseline (full isolation),model5,tight,0.3,2,1,1,0,0,0.0
baseline (full isolation),model5,tight,0.3,3,0,0,0,0,
baseline (full isolation),model5,tight,0.3,4,0,0,0,0,
boot-params bundle removed,model5,tight,0.3,1,1,1,0,0,0.0
boot-params bundle removed,model5,tight,0.3,2,1,1,0,0,0.0
boot-params bundle removed,model5,tight,0.3,3,1,1,0,0,0.0
boot-params bundle removed,model5,tight,0.3,4,0,0,0,0,
frequency pinning removed,model5,tight,0.3,1,0,0,0,0,
frequency pinning removed,model5,tight,0.3,2,6,1,0,0,0.0
frequency pinning removed,model5,tight,0.3,3,0,0,0,0,
frequency pinning removed,model5,tight,0.3,4,1,1,0,0,0.0
isolcpus removed,model5,tight,0.3,1,0,0,0,0,
isolcpus removed,model5,tight,0.3,2,1,1,0,0,0.0
isolcpus removed,model5,tight,0.3,3,1,1,0,0,0.0
isolcpus removed,model5,tight,0.3,4,2,1,0,0,0.0
nohz_full removed,model5,tight,0.3,1,0,0,0,0,
nohz_full removed,model5,tight,0.3,2,0,0,0,0,
nohz_full removed,model5,tight,0.3,3,0,0,0,0,
nohz_full removed,model5,tight,0.3,4,0,0,0,0,
rcu_nocbs removed,model5,tight,0.3,1,17,1,0,0,0.0
rcu_nocbs removed,model5,tight,0.3,2,11,2,1,2,0.18181818181818182
rcu_nocbs removed,model5,tight,0.3,3,8,1,0,0,0.0
rcu_nocbs removed,model5,tight,0.3,4,9,1,0,0,0.0
systemd containment removed,model5,tight,0.3,1,3,1,0,0,0.0
systemd containment removed,model5,tight,0.3,2,1,1,0,0,0.0
systemd containment removed,model5,tight,0.3,3,0,0,0,0,
systemd containment removed,model5,tight,0.3,4,1,1,0,0,0.0
IRQ steering removed,model5,tight,0.4,1,0,0,0,0,
IRQ steering removed,model5,tight,0.4,2,0,0,0,0,
IRQ steering removed,model5,tight,0.4,3,1,1,0,0,0.0
IRQ steering removed,model5,tight,0.4,4,3,1,0,0,0.0
baseline (full isolation),model5,tight,0.4,1,1,1,0,0,0.0
baseline (full isolation),model5,tight,0.4,2,2,1,0,0,0.0
baseline (full isolation),model5,tight,0.4,3,0,0,0,0,
baseline (full isolation),model5,tight,0.4,4,1,1,0,0,0.0
boot-params bundle removed,model5,tight,0.4,1,0,0,0,0,
boot-params bundle removed,model5,tight,0.4,2,1,1,0,0,0.0
boot-params bundle removed,model5,tight,0.4,3,0,0,0,0,
boot-params bundle removed,model5,tight,0.4,4,1,1,0,0,0.0
frequency pinning removed,model5,tight,0.4,1,1,1,0,0,0.0
frequency pinning removed,model5,tight,0.4,2,5,1,0,0,0.0
frequency pinning removed,model5,tight,0.4,3,0,0,0,0,
frequency pinning removed,model5,tight,0.4,4,0,0,0,0,
isolcpus removed,model5,tight,0.4,1,0,0,0,0,
isolcpus removed,model5,tight,0.4,2,2,1,0,0,0.0
isolcpus removed,model5,tight,0.4,3,0,0,0,0,
isolcpus removed,model5,tight,0.4,4,0,0,0,0,
nohz_full removed,model5,tight,0.4,1,0,0,0,0,
nohz_full removed,model5,tight,0.4,2,1,1,0,0,0.0
nohz_full removed,model5,tight,0.4,3,1,1,0,0,0.0
nohz_full removed,model5,tight,0.4,4,0,0,0,0,
rcu_nocbs removed,model5,tight,0.4,1,3,1,0,0,0.0
rcu_nocbs removed,model5,tight,0.4,2,4,1,0,0,0.0
rcu_nocbs removed,model5,tight,0.4,3,9,1,0,0,0.0
rcu_nocbs removed,model5,tight,0.4,4,2,1,0,0,0.0
systemd containment removed,model5,tight,0.4,1,0,0,0,0,
systemd containment removed,model5,tight,0.4,2,1,1,0,0,0.0
systemd containment removed,model5,tight,0.4,3,0,0,0,0,
systemd containment removed,model5,tight,0.4,4,0,0,0,0,
IRQ steering removed,model5,tight,0.5,1,0,0,0,0,
IRQ steering removed,model5,tight,0.5,2,0,0,0,0,
IRQ steering removed,model5,tight,0.5,3,0,0,0,0,
IRQ steering removed,model5,tight,0.5,4,3,1,0,0,0.0
baseline (full isolation),model5,tight,0.5,1,1,1,0,0,0.0
baseline (full isolation),model5,tight,0.5,2,1,1,0,0,0.0
baseline (full isolation),model5,tight,0.5,3,2,1,0,0,0.0
baseline (full isolation),model5,tight,0.5,4,2,1,0,0,0.0
boot-params bundle removed,model5,tight,0.5,1,1,1,0,0,0.0
boot-params bundle removed,model5,tight,0.5,2,1,1,0,0,0.0
boot-params bundle removed,model5,tight,0.5,3,0,0,0,0,
boot-params bundle removed,model5,tight,0.5,4,4,3,1,3,0.75
frequency pinning removed,model5,tight,0.5,1,8,1,0,0,0.0
frequency pinning removed,model5,tight,0.5,2,5,1,0,0,0.0
frequency pinning removed,model5,tight,0.5,3,2,1,0,0,0.0
frequency pinning removed,model5,tight,0.5,4,0,0,0,0,
isolcpus removed,model5,tight,0.5,1,4,1,0,0,0.0
isolcpus removed,model5,tight,0.5,2,2,1,0,0,0.0
isolcpus removed,model5,tight,0.5,3,0,0,0,0,
isolcpus removed,model5,tight,0.5,4,2,1,0,0,0.0
nohz_full removed,model5,tight,0.5,1,0,0,0,0,
nohz_full removed,model5,tight,0.5,2,0,0,0,0,
nohz_full removed,model5,tight,0.5,3,0,0,0,0,
nohz_full removed,model5,tight,0.5,4,0,0,0,0,
rcu_nocbs removed,model5,tight,0.5,1,2,1,0,0,0.0
rcu_nocbs removed,model5,tight,0.5,2,2,1,0,0,0.0
rcu_nocbs removed,model5,tight,0.5,3,5,1,0,0,0.0
rcu_nocbs removed,model5,tight,0.5,4,4,1,0,0,0.0
systemd containment removed,model5,tight,0.5,1,1,1,0,0,0.0
systemd containment removed,model5,tight,0.5,2,1,1,0,0,0.0
systemd containment removed,model5,tight,0.5,3,0,0,0,0,
systemd containment removed,model5,tight,0.5,4,0,0,0,0,
IRQ steering removed,model5,tight,0.6,1,0,0,0,0,
IRQ steering removed,model5,tight,0.6,2,1,1,0,0,0.0
IRQ steering removed,model5,tight,0.6,3,0,0,0,0,
IRQ steering removed,model5,tight,0.6,4,3,1,0,0,0.0
baseline (full isolation),model5,tight,0.6,1,1,1,0,0,0.0
baseline (full isolation),model5,tight,0.6,2,1,1,0,0,0.0
baseline (full isolation),model5,tight,0.6,3,0,0,0,0,
baseline (full isolation),model5,tight,0.6,4,2,2,1,2,1.0
boot-params bundle removed,model5,tight,0.6,1,2,1,0,0,0.0
boot-params bundle removed,model5,tight,0.6,2,0,0,0,0,
boot-params bundle removed,model5,tight,0.6,3,0,0,0,0,
boot-params bundle removed,model5,tight,0.6,4,0,0,0,0,
frequency pinning removed,model5,tight,0.6,1,0,0,0,0,
frequency pinning removed,model5,tight,0.6,2,4,1,0,0,0.0
frequency pinning removed,model5,tight,0.6,3,1,1,0,0,0.0
frequency pinning removed,model5,tight,0.6,4,0,0,0,0,
isolcpus removed,model5,tight,0.6,1,1,1,0,0,0.0
isolcpus removed,model5,tight,0.6,2,1,1,0,0,0.0
isolcpus removed,model5,tight,0.6,3,1,1,0,0,0.0
isolcpus removed,model5,tight,0.6,4,1,1,0,0,0.0
nohz_full removed,model5,tight,0.6,1,0,0,0,0,
nohz_full removed,model5,tight,0.6,2,0,0,0,0,
nohz_full removed,model5,tight,0.6,3,1,1,0,0,0.0
nohz_full removed,model5,tight,0.6,4,0,0,0,0,
rcu_nocbs removed,model5,tight,0.6,1,25,1,0,0,0.0
rcu_nocbs removed,model5,tight,0.6,2,4,1,0,0,0.0
rcu_nocbs removed,model5,tight,0.6,3,4,1,0,0,0.0
rcu_nocbs removed,model5,tight,0.6,4,28,2,2,4,0.14285714285714285
systemd containment removed,model5,tight,0.6,1,0,0,0,0,
systemd containment removed,model5,tight,0.6,2,4,1,0,0,0.0
systemd containment removed,model5,tight,0.6,3,10,3,1,3,0.3
systemd containment removed,model5,tight,0.6,4,0,0,0,0,
IRQ steering removed,model5,tight,0.7,1,11,1,0,0,0.0
IRQ steering removed,model5,tight,0.7,2,0,0,0,0,
IRQ steering removed,model5,tight,0.7,3,0,0,0,0,
IRQ steering removed,model5,tight,0.7,4,4,1,0,0,0.0
baseline (full isolation),model5,tight,0.7,1,2,1,0,0,0.0
baseline (full isolation),model5,tight,0.7,2,1,1,0,0,0.0
baseline (full isolation),model5,tight,0.7,3,1,1,0,0,0.0
baseline (full isolation),model5,tight,0.7,4,1,1,0,0,0.0
boot-params bundle removed,model5,tight,0.7,1,1,1,0,0,0.0
boot-params bundle removed,model5,tight,0.7,2,1,1,0,0,0.0
boot-params bundle removed,model5,tight,0.7,3,0,0,0,0,
boot-params bundle removed,model5,tight,0.7,4,35,4,4,11,0.3142857142857143
frequency pinning removed,model5,tight,0.7,1,2,1,0,0,0.0
frequency pinning removed,model5,tight,0.7,2,4,1,0,0,0.0
frequency pinning removed,model5,tight,0.7,3,4,1,0,0,0.0
frequency pinning removed,model5,tight,0.7,4,0,0,0,0,
isolcpus removed,model5,tight,0.7,1,0,0,0,0,
isolcpus removed,model5,tight,0.7,2,25,3,2,5,0.2
isolcpus removed,model5,tight,0.7,3,8,1,0,0,0.0
isolcpus removed,model5,tight,0.7,4,25,2,2,4,0.16
nohz_full removed,model5,tight,0.7,1,0,0,0,0,
nohz_full removed,model5,tight,0.7,2,0,0,0,0,
nohz_full removed,model5,tight,0.7,3,0,0,0,0,
nohz_full removed,model5,tight,0.7,4,0,0,0,0,
rcu_nocbs removed,model5,tight,0.7,1,4,1,0,0,0.0
rcu_nocbs removed,model5,tight,0.7,2,10,1,0,0,0.0
rcu_nocbs removed,model5,tight,0.7,3,41,3,2,6,0.14634146341463414
rcu_nocbs removed,model5,tight,0.7,4,50,8,5,17,0.34
systemd containment removed,model5,tight,0.7,1,1,1,0,0,0.0
systemd containment removed,model5,tight,0.7,2,2,1,0,0,0.0
systemd containment removed,model5,tight,0.7,3,1,1,0,0,0.0
systemd containment removed,model5,tight,0.7,4,0,0,0,0,
IRQ steering removed,model5,tight,0.8,1,12,2,1,2,0.16666666666666666
IRQ steering removed,model5,tight,0.8,2,26,4,2,7,0.2692307692307692
IRQ steering removed,model5,tight,0.8,3,25,4,3,8,0.32
IRQ steering removed,model5,tight,0.8,4,12,2,1,2,0.16666666666666666
baseline (full isolation),model5,tight,0.8,1,0,0,0,0,
baseline (full isolation),model5,tight,0.8,2,0,0,0,0,
baseline (full isolation),model5,tight,0.8,3,0,0,0,0,
baseline (full isolation),model5,tight,0.8,4,17,1,0,0,0.0
boot-params bundle removed,model5,tight,0.8,1,1,1,0,0,0.0
boot-params bundle removed,model5,tight,0.8,2,32,4,2,7,0.21875
boot-params bundle removed,model5,tight,0.8,3,2,1,0,0,0.0
boot-params bundle removed,model5,tight,0.8,4,0,0,0,0,
frequency pinning removed,model5,tight,0.8,1,19,3,3,8,0.42105263157894735
frequency pinning removed,model5,tight,0.8,2,0,0,0,0,
frequency pinning removed,model5,tight,0.8,3,0,0,0,0,
frequency pinning removed,model5,tight,0.8,4,0,0,0,0,
nohz_full removed,model5,tight,0.8,1,27,4,3,11,0.4074074074074074
nohz_full removed,model5,tight,0.8,2,9,1,0,0,0.0
nohz_full removed,model5,tight,0.8,3,5,1,0,0,0.0
nohz_full removed,model5,tight,0.8,4,1,1,0,0,0.0
rcu_nocbs removed,model5,tight,0.8,1,4,1,0,0,0.0
rcu_nocbs removed,model5,tight,0.8,2,3,1,0,0,0.0
rcu_nocbs removed,model5,tight,0.8,3,1,1,0,0,0.0
rcu_nocbs removed,model5,tight,0.8,4,9,1,0,0,0.0
systemd containment removed,model5,tight,0.8,1,1,1,0,0,0.0
systemd containment removed,model5,tight,0.8,2,26,3,3,7,0.2692307692307692
systemd containment removed,model5,tight,0.8,3,4,1,0,0,0.0
systemd containment removed,model5,tight,0.8,4,21,4,2,6,0.2857142857142857
IRQ steering removed,model5,tight,0.9,1,1,1,0,0,0.0
IRQ steering removed,model5,tight,0.9,2,27,3,4,10,0.37037037037037035
IRQ steering removed,model5,tight,0.9,3,1,1,0,0,0.0
IRQ steering removed,model5,tight,0.9,4,4,1,0,0,0.0
baseline (full isolation),model5,tight,0.9,1,24,2,2,4,0.16666666666666666
baseline (full isolation),model5,tight,0.9,2,3,1,0,0,0.0
baseline (full isolation),model5,tight,0.9,3,24,2,2,4,0.16666666666666666
baseline (full isolation),model5,tight,0.9,4,28,2,3,6,0.21428571428571427
boot-params bundle removed,model5,tight,0.9,1,24,3,1,3,0.125
boot-params bundle removed,model5,tight,0.9,2,3,1,0,0,0.0
boot-params bundle removed,model5,tight,0.9,3,5,4,1,4,0.8
boot-params bundle removed,model5,tight,0.9,4,0,0,0,0,
frequency pinning removed,model5,tight,0.9,1,3,1,0,0,0.0
frequency pinning removed,model5,tight,0.9,2,25,3,4,10,0.4
frequency pinning removed,model5,tight,0.9,3,29,3,2,6,0.20689655172413793
frequency pinning removed,model5,tight,0.9,4,25,4,2,7,0.28
nohz_full removed,model5,tight,0.9,1,0,0,0,0,
nohz_full removed,model5,tight,0.9,2,19,2,2,4,0.21052631578947367
nohz_full removed,model5,tight,0.9,3,4,1,0,0,0.0
nohz_full removed,model5,tight,0.9,4,2,1,0,0,0.0
rcu_nocbs removed,model5,tight,0.9,1,4,1,0,0,0.0
rcu_nocbs removed,model5,tight,0.9,2,63,4,6,17,0.2698412698412698
rcu_nocbs removed,model5,tight,0.9,3,3,1,0,0,0.0
rcu_nocbs removed,model5,tight,0.9,4,82,6,7,21,0.25609756097560976
systemd containment removed,model5,tight,0.9,1,1,1,0,0,0.0
systemd containment removed,model5,tight,0.9,2,3,1,0,0,0.0
systemd containment removed,model5,tight,0.9,3,26,2,3,6,0.23076923076923078
systemd containment removed,model5,tight,0.9,4,24,3,2,6,0.25
IRQ steering removed,model5,tight,0.94,1,18,2,2,4,0.2222222222222222
IRQ steering removed,model5,tight,0.94,2,1,1,0,0,0.0
IRQ steering removed,model5,tight,0.94,3,23,4,2,6,0.2608695652173913
IRQ steering removed,model5,tight,0.94,4,47,5,3,9,0.19148936170212766
baseline (full isolation),model5,tight,0.94,1,45,2,5,10,0.2222222222222222
baseline (full isolation),model5,tight,0.94,2,31,2,5,10,0.3225806451612903
baseline (full isolation),model5,tight,0.94,3,30,2,5,10,0.3333333333333333
baseline (full isolation),model5,tight,0.94,4,28,2,3,6,0.21428571428571427
boot-params bundle removed,model5,tight,0.94,1,0,0,0,0,
boot-params bundle removed,model5,tight,0.94,2,33,4,5,14,0.42424242424242425
boot-params bundle removed,model5,tight,0.94,3,0,0,0,0,
boot-params bundle removed,model5,tight,0.94,4,0,0,0,0,
frequency pinning removed,model5,tight,0.94,1,26,5,3,10,0.38461538461538464
frequency pinning removed,model5,tight,0.94,2,29,4,4,11,0.3793103448275862
frequency pinning removed,model5,tight,0.94,3,23,3,4,12,0.5217391304347826
frequency pinning removed,model5,tight,0.94,4,27,4,3,9,0.3333333333333333
nohz_full removed,model5,tight,0.94,1,0,0,0,0,
nohz_full removed,model5,tight,0.94,2,0,0,0,0,
nohz_full removed,model5,tight,0.94,3,27,4,3,8,0.2962962962962963
nohz_full removed,model5,tight,0.94,4,18,4,2,7,0.3888888888888889
rcu_nocbs removed,model5,tight,0.94,1,8,1,0,0,0.0
rcu_nocbs removed,model5,tight,0.94,2,75,3,5,11,0.14666666666666667
rcu_nocbs removed,model5,tight,0.94,3,10,2,1,2,0.2
rcu_nocbs removed,model5,tight,0.94,4,95,5,11,29,0.30526315789473685
systemd containment removed,model5,tight,0.94,1,3,1,0,0,0.0
systemd containment removed,model5,tight,0.94,2,18,2,3,6,0.3333333333333333
systemd containment removed,model5,tight,0.94,3,33,4,5,16,0.48484848484848486
systemd containment removed,model5,tight,0.94,4,20,2,1,2,0.1
SMT enabled,model5-smt,soft,0.1,1,28,1,0,0,0.0
SMT enabled,model5-smt,soft,0.1,2,3,1,0,0,0.0
SMT enabled,model5-smt,soft,0.1,3,3,2,1,2,0.6666666666666666
SMT enabled,model5-smt,soft,0.1,4,31,1,0,0,0.0
SMT enabled,model5-smt,soft,0.2,1,129,2,3,6,0.046511627906976744
SMT enabled,model5-smt,soft,0.2,2,52,1,0,0,0.0
SMT enabled,model5-smt,soft,0.2,3,2,1,0,0,0.0
SMT enabled,model5-smt,soft,0.2,4,2410,2,957,1914,0.7941908713692946
SMT enabled,model5-smt,soft,0.3,1,4314,2,1673,3346,0.7756142790913305
SMT enabled,model5-smt,soft,0.3,2,314,2,16,32,0.10191082802547771
SMT enabled,model5-smt,soft,0.3,3,11,1,0,0,0.0
SMT enabled,model5-smt,soft,0.3,4,0,0,0,0,
SMT enabled,model5-smt,soft,0.4,1,4863,2,2014,4028,0.8282952909726506
SMT enabled,model5-smt,soft,0.4,2,0,0,0,0,
SMT enabled,model5-smt,soft,0.4,3,0,0,0,0,
SMT enabled,model5-smt,soft,0.4,4,0,0,0,0,
SMT enabled,model5-smt,soft,0.5,1,6265,15,1997,5768,0.9206703910614525
SMT enabled,model5-smt,soft,0.5,2,1613,4,375,765,0.47427154370737756
SMT enabled,model5-smt,soft,0.5,3,354,2,17,34,0.096045197740113
SMT enabled,model5-smt,soft,0.5,4,9998,9997,1,9997,0.9998999799959992
SMT enabled,model5-smt,soft,0.6,1,6826,203,1214,6517,0.9547319074128333
SMT enabled,model5-smt,soft,0.6,2,3,1,0,0,0.0
SMT enabled,model5-smt,soft,0.6,3,1,1,0,0,0.0
SMT enabled,model5-smt,soft,0.6,4,8698,98,694,8544,0.9822947804092895
SMT enabled,model5-smt,soft,0.7,1,14,1,0,0,0.0
SMT enabled,model5-smt,soft,0.7,2,4129,4,1531,3072,0.7440058125454105
SMT enabled,model5-smt,soft,0.7,3,12,1,0,0,0.0
SMT enabled,model5-smt,soft,0.7,4,0,0,0,0,
SMT enabled,model5-smt,soft,0.8,1,3617,7,1194,2768,0.7652750898534697
SMT enabled,model5-smt,soft,0.8,2,1186,3,75,151,0.12731871838111297
SMT enabled,model5-smt,soft,0.8,3,1405,5,120,253,0.1800711743772242
SMT enabled,model5-smt,soft,0.8,4,1589,6,240,537,0.33794839521711767
SMT enabled,model5-smt,soft,0.9,1,2037,9,313,702,0.3446244477172312
SMT enabled,model5-smt,soft,0.9,2,1985,4,270,577,0.2906801007556675
SMT enabled,model5-smt,soft,0.9,3,2370,5,423,960,0.4050632911392405
SMT enabled,model5-smt,soft,0.9,4,2416,7,444,1064,0.44039735099337746
SMT enabled,model5-smt,soft,0.94,1,6521,69,1497,6045,0.9270050605735317
SMT enabled,model5-smt,soft,0.94,2,7488,47,1076,7109,0.9493856837606838
SMT enabled,model5-smt,soft,0.94,3,7838,81,974,7539,0.9618525133962745
SMT enabled,model5-smt,soft,0.94,4,3051,7,776,1900,0.6227466404457555
SMT enabled,model5-smt,tight,0.1,1,2503,2,1052,2104,0.8405912904514582
SMT enabled,model5-smt,tight,0.1,2,2503,3,1051,2106,0.8413903316020775
SMT enabled,model5-smt,tight,0.1,3,86,1,0,0,0.0
SMT enabled,model5-smt,tight,0.1,4,52,1,0,0,0.0
SMT enabled,model5-smt,tight,0.2,1,3936,3,1659,3319,0.8432418699186992
SMT enabled,model5-smt,tight,0.2,2,2342,3,853,1708,0.7292912040990607
SMT enabled,model5-smt,tight,0.2,3,101,2,3,6,0.0594059405940594
SMT enabled,model5-smt,tight,0.2,4,6806,57,1234,6398,0.9400528945048486
SMT enabled,model5-smt,tight,0.3,1,2,1,0,0,0.0
SMT enabled,model5-smt,tight,0.3,2,4974,3,2086,4174,0.8391636509851227
SMT enabled,model5-smt,tight,0.3,3,16,1,0,0,0.0
SMT enabled,model5-smt,tight,0.3,4,9,1,0,0,0.0
SMT enabled,model5-smt,tight,0.4,1,2,1,0,0,0.0
SMT enabled,model5-smt,tight,0.4,2,16,1,0,0,0.0
SMT enabled,model5-smt,tight,0.4,3,13,1,0,0,0.0
SMT enabled,model5-smt,tight,0.4,4,2,1,0,0,0.0
SMT enabled,model5-smt,tight,0.5,1,4999,2,2096,4192,0.8385677135427085
SMT enabled,model5-smt,tight,0.5,2,4999,4,2085,4192,0.8385677135427085
SMT enabled,model5-smt,tight,0.5,3,24,1,0,0,0.0
SMT enabled,model5-smt,tight,0.5,4,9998,9997,1,9997,0.9998999799959992
SMT enabled,model5-smt,tight,0.6,1,5001,3,2096,4193,0.8384323135372925
SMT enabled,model5-smt,tight,0.6,2,56,1,0,0,0.0
SMT enabled,model5-smt,tight,0.6,3,5,1,0,0,0.0
SMT enabled,model5-smt,tight,0.6,4,2,2,1,2,1.0
SMT enabled,model5-smt,tight,0.7,1,2416,2,917,1834,0.7591059602649006
SMT enabled,model5-smt,tight,0.7,2,601,3,31,63,0.1048252911813644
SMT enabled,model5-smt,tight,0.7,3,600,2,15,30,0.05
SMT enabled,model5-smt,tight,0.7,4,2826,12,971,2184,0.772823779193206
SMT enabled,model5-smt,tight,0.8,2,4238,8,1146,2993,0.7062293534686173
SMT enabled,model5-smt,tight,0.8,3,3308,6,689,1523,0.46039903264812576
SMT enabled,model5-smt,tight,0.8,4,9998,9997,1,9997,0.9998999799959992
SMT enabled,model5-smt,tight,0.9,1,7312,491,1069,6899,0.9435175054704595
SMT enabled,model5-smt,tight,0.9,2,7428,3358,1078,7005,0.9430533117932148
SMT enabled,model5-smt,tight,0.9,3,2575,2,1082,2164,0.8403883495145631
SMT enabled,model5-smt,tight,0.9,4,9664,461,217,9644,0.9979304635761589
SMT enabled,model5-smt,tight,0.94,1,8554,1001,647,8313,0.9718260462941314
SMT enabled,model5-smt,tight,0.94,2,6759,65,1662,6327,0.9360852197070573
SMT enabled,model5-smt,tight,0.94,3,9973,1813,16,9970,0.9996991878070791
SMT enabled,model5-smt,tight,0.94,4,5893,47,1509,5284,0.8966570507381639
