scale,,,soft (100ms),soft (100ms),soft (100ms),soft (100ms),soft (100ms),soft (100ms),soft (100ms),tight (10ms),tight (10ms),tight (10ms),tight (10ms),tight (10ms),tight (10ms),tight (10ms)
stat,,,median,p99,p99_9,max,late_med,late_max,p99_ratio,median,p99,p99_9,max,late_med,late_max,p99_ratio
workload,label,U,,,,,,,,,,,,,,
single-core,baseline (full isolation),0.1,8.49,8.741,8.862,100.239,0.002,0.002,1.0,0.824,0.855,4.346,19.667,0.485,0.967,1.0
single-core,baseline (full isolation),0.5,41.165,42.693,43.143,100.033,0.0,0.0,1.0,3.973,4.065,4.223,10.412,0.03,0.041,1.0
single-core,baseline (full isolation),0.7,55.79,56.64,57.617,638.711,5.387,5.387,1.0,5.563,5.661,5.702,201.402,19.14,19.14,1.0
single-core,baseline (full isolation),0.94,76.744,77.49,78.555,109.901,0.099,0.099,1.0,7.368,7.542,7.644,17.598,0.397,0.76,1.0
single-core,isolcpus removed,0.1,8.415,100.23,102.417,200.314,0.001,1.003,11.467,0.809,10.041,10.666,20.871,0.005,1.087,11.741
single-core,isolcpus removed,0.5,41.801,100.774,108.819,296.916,0.021,1.969,2.36,3.9,4.814,10.932,16.424,0.007,0.642,1.184
single-core,isolcpus removed,0.7,55.168,66.742,103.411,112.551,0.014,0.126,1.178,5.411,6.347,10.619,13.028,0.011,0.303,1.121
single-core,isolcpus removed,0.94,,,,,,,,,,,,,,
single-core,nohz_full removed,0.1,8.577,9.447,101.437,103.819,0.004,0.038,1.081,0.725,0.895,10.038,20.446,0.012,1.045,1.046
single-core,nohz_full removed,0.5,34.776,36.664,40.799,48.835,,,0.859,3.512,3.542,4.117,11.417,0.005,0.142,0.871
single-core,nohz_full removed,0.7,48.106,49.268,56.212,61.923,,,0.87,4.908,4.951,5.574,10.232,0.019,0.023,0.875
single-core,nohz_full removed,0.94,67.445,68.955,74.0,79.708,,,0.89,6.585,6.865,8.428,12.941,0.075,0.294,0.91
single-core,rcu_nocbs removed,0.1,6.534,6.858,6.912,18.157,,,0.785,0.727,0.737,0.774,8.606,,,0.862
single-core,rcu_nocbs removed,0.5,35.472,35.73,35.957,60.594,,,0.837,3.52,3.562,3.689,12.284,0.144,0.228,0.876
single-core,rcu_nocbs removed,0.7,47.869,49.482,51.507,62.242,,,0.874,4.897,4.979,5.143,44.911,1.19,3.491,0.88
single-core,rcu_nocbs removed,0.94,66.597,67.604,68.939,91.169,,,0.872,6.56,6.611,6.677,13.801,0.38,0.38,0.877
single-core,systemd containment removed,0.1,8.47,9.38,101.722,104.65,0.007,0.046,1.073,0.821,0.911,10.09,30.04,0.004,2.004,1.066
single-core,systemd containment removed,0.5,41.174,42.403,44.828,106.751,0.019,0.068,0.993,3.973,4.043,10.044,26.266,0.047,1.627,0.995
single-core,systemd containment removed,0.7,54.773,56.262,60.739,106.507,0.065,0.065,0.993,5.532,5.641,6.449,12.394,0.004,0.239,0.996
single-core,systemd containment removed,0.94,76.383,77.364,79.777,87.261,,,0.998,7.42,7.51,8.603,29.246,0.085,1.925,0.996
single-core,IRQ steering removed,0.1,8.588,8.793,8.983,506.792,4.068,4.068,1.006,0.817,0.85,0.9,19.215,0.002,0.921,0.993
single-core,IRQ steering removed,0.5,41.393,42.005,42.761,46.453,,,0.984,3.958,4.188,4.323,11.635,0.104,0.164,1.03
single-core,IRQ steering removed,0.7,55.896,56.483,57.633,70.968,,,0.997,5.566,5.668,5.727,10.353,0.019,0.035,1.001
single-core,IRQ steering removed,0.94,76.521,78.422,80.359,1160.87,10.609,10.609,1.012,7.429,7.56,7.978,15.526,0.035,0.553,1.002
single-core,boot-params bundle removed,0.1,6.528,6.712,6.809,13.457,,,0.768,0.722,0.752,0.788,26.528,0.029,1.653,0.88
single-core,boot-params bundle removed,0.5,35.011,36.301,36.519,44.047,,,0.85,3.504,3.594,3.798,10.053,0.005,0.005,0.884
single-core,boot-params bundle removed,0.7,49.519,50.528,51.357,56.872,,,0.892,4.845,5.024,5.097,13.204,0.32,0.32,0.888
single-core,boot-params bundle removed,0.94,63.974,66.181,67.284,72.3,,,0.854,6.392,6.645,6.745,35.673,2.567,2.567,0.881
single-core,frequency pinning removed,0.1,6.48,6.667,6.893,17.072,,,0.763,0.704,0.746,0.765,13.378,0.261,0.338,0.873
single-core,frequency pinning removed,0.5,34.581,35.591,35.878,57.972,,,0.834,3.403,3.538,3.712,285.163,13.889,27.516,0.871
single-core,frequency pinning removed,0.7,49.817,51.383,52.635,64.496,,,0.907,4.76,4.976,5.122,13.104,0.159,0.31,0.879
single-core,frequency pinning removed,0.94,62.82,64.521,65.782,91.405,,,0.833,6.456,6.706,6.771,19.596,0.96,0.96,0.889
multi-core on physical cores,baseline (full isolation),0.1,6.421,6.7,8.774,16.382,,,1.0,0.756,0.964,8.409,65.435,0.113,5.544,1.0
multi-core on physical cores,baseline (full isolation),0.5,35.493,38.244,41.659,64.538,,,1.0,3.568,4.473,5.656,34.762,2.328,2.476,1.0
multi-core on physical cores,baseline (full isolation),0.7,50.179,53.376,60.571,91.095,,,1.0,4.924,5.231,7.724,36.525,0.044,2.652,1.0
multi-core on physical cores,baseline (full isolation),0.94,66.933,71.893,93.568,103.717,0.02,0.037,1.0,6.614,7.392,10.66,150.442,0.029,14.044,1.0
multi-core on physical cores,isolcpus removed,0.1,6.226,6.682,8.331,9.059,,,0.997,0.74,0.933,8.753,10.16,0.004,0.016,0.968
multi-core on physical cores,isolcpus removed,0.5,34.762,37.774,42.611,894.127,7.941,7.941,0.988,3.485,3.806,5.984,18.153,0.02,0.815,0.851
multi-core on physical cores,isolcpus removed,0.7,49.967,53.435,56.771,63.926,,,1.001,4.919,5.718,10.356,35.559,0.016,2.556,1.093
multi-core on physical cores,isolcpus removed,0.94,,,,,,,,,,,,,,
multi-core on physical cores,nohz_full removed,0.1,6.223,7.307,8.515,9.423,,,1.091,0.733,0.782,8.312,10.031,0.003,0.003,0.811
multi-core on physical cores,nohz_full removed,0.5,34.37,36.473,43.803,68.125,,,0.954,3.539,4.093,5.644,6.548,,,0.915
multi-core on physical cores,nohz_full removed,0.7,48.4,50.523,52.992,63.776,,,0.947,4.963,5.525,7.816,8.259,,,1.056
multi-core on physical cores,nohz_full removed,0.94,67.846,71.235,80.66,89.027,,,0.991,6.606,7.228,10.626,11.607,0.059,0.161,0.978
multi-core on physical cores,rcu_nocbs removed,0.1,7.921,17.214,100.551,123.508,0.004,0.235,2.569,0.807,10.045,17.768,20.508,0.005,1.051,10.415
multi-core on physical cores,rcu_nocbs removed,0.5,36.857,47.74,80.986,151.454,0.263,0.515,1.248,3.618,6.008,9.439,15.291,0.129,0.529,1.343
multi-core on physical cores,rcu_nocbs removed,0.7,52.61,64.093,84.237,218.595,0.116,1.186,1.201,5.027,8.013,11.337,20.227,0.074,1.023,1.532
multi-core on physical cores,rcu_nocbs removed,0.94,71.437,84.429,104.076,305.879,0.057,2.059,1.174,6.723,9.405,12.396,24.422,0.081,1.442,1.272
multi-core on physical cores,systemd containment removed,0.1,6.427,7.635,10.145,89.923,,,1.14,0.745,8.778,9.766,19.229,0.004,0.923,9.102
multi-core on physical cores,systemd containment removed,0.5,35.402,37.442,47.077,2375.273,22.753,22.753,0.979,3.556,4.166,6.029,59.682,2.486,4.968,0.931
multi-core on physical cores,systemd containment removed,0.7,50.132,54.227,66.923,136.684,0.344,0.367,1.016,4.934,6.153,7.886,124.237,0.347,11.424,1.176
multi-core on physical cores,systemd containment removed,0.94,66.606,71.244,82.49,100.05,0.001,0.001,0.991,6.581,7.803,10.434,12.846,0.016,0.285,1.056
multi-core on physical cores,IRQ steering removed,0.1,6.419,7.897,10.815,18.407,,,1.179,0.748,1.814,10.046,19.868,0.007,0.987,1.881
multi-core on physical cores,IRQ steering removed,0.5,35.642,38.157,45.396,60.952,,,0.998,3.543,4.991,6.543,12.301,0.197,0.23,1.116
multi-core on physical cores,IRQ steering removed,0.7,50.082,54.005,64.538,114.396,0.087,0.144,1.012,4.822,5.368,8.474,15.339,0.03,0.534,1.026
multi-core on physical cores,IRQ steering removed,0.94,66.784,71.131,143.072,152.038,0.436,0.52,0.989,6.585,7.789,10.775,51.211,0.032,4.121,1.054
multi-core on physical cores,boot-params bundle removed,0.1,6.254,6.737,8.493,1439.453,13.395,13.395,1.005,0.744,0.847,1.233,12.408,0.223,0.241,0.879
multi-core on physical cores,boot-params bundle removed,0.5,35.135,36.536,44.524,62.176,,,0.955,3.528,3.938,7.639,37.18,0.048,2.718,0.88
multi-core on physical cores,boot-params bundle removed,0.7,48.025,52.925,58.153,70.627,,,0.992,4.932,5.426,10.453,15.18,0.054,0.518,1.037
multi-core on physical cores,boot-params bundle removed,0.94,64.96,68.192,76.105,96.934,,,0.949,6.524,6.983,10.381,11.375,0.071,0.138,0.945
multi-core on physical cores,frequency pinning removed,0.1,6.354,8.174,13.219,1295.613,2.728,11.956,1.22,0.753,4.895,9.364,11.902,0.005,0.19,5.076
multi-core on physical cores,frequency pinning removed,0.5,35.418,39.413,46.386,1129.861,8.853,10.299,1.031,3.621,4.94,9.201,12.439,0.04,0.244,1.104
multi-core on physical cores,frequency pinning removed,0.7,50.509,60.042,65.572,1843.786,0.012,17.438,1.125,5.072,6.35,9.074,14.983,0.068,0.498,1.214
multi-core on physical cores,frequency pinning removed,0.94,66.84,71.336,79.516,85.492,,,0.992,6.809,8.407,10.87,11.862,0.031,0.186,1.137
multi-core on physical cores,SMT enabled (multi-core),0.1,7.355,8.742,100.729,108.462,0.012,0.085,1.305,0.84,10.105,10.149,15.786,0.004,0.579,10.477
multi-core on physical cores,SMT enabled (multi-core),0.5,98.967,122.348,123.67,129.177,0.121,0.292,3.199,10.022,11.486,12.408,112.369,0.101,10.237,2.568
multi-core on physical cores,SMT enabled (multi-core),0.7,59.386,109.356,111.104,119.469,0.089,0.195,2.049,6.654,11.848,14.987,714.334,0.007,70.433,2.265
multi-core on physical cores,SMT enabled (multi-core),0.94,105.259,123.244,125.137,163.69,0.121,0.637,1.714,10.523,12.709,13.548,82.874,0.058,7.287,1.719
