scenario,instance_id,p,C_p_base,C_p_stress,C_p_base_GEV,C_p_stress_GEV
multi_core,instance0,0.001,22.5152612456,22.713714094149992,22.461996402200743,22.66700431326033
multi_core,instance0,0.01,22.101171704000002,22.262664255999997,,
multi_core,instance0,0.1,16.99923337,17.15015895,,
multi_core,instance1,0.001,22.428629419149996,22.609436,22.366774572586422,22.570832215159218
multi_core,instance1,0.01,22.030741199999998,22.150274805999995,,
multi_core,instance1,0.1,16.9234452,17.02658492,,
single_core,instance0,0.001,22.94109692529998,23.495496623799998,22.917832652378095,23.43863278810756
single_core,instance0,0.01,22.50936727,22.9305460595,,
single_core,instance0,0.1,17.231027830000002,17.645889325,,
