scale,U,P_us,Q_us,k,split,task_index,task_u,role,is_victim,K,n,miss_rate,R_p50,R_p99,R_p999,R_max,C_p50,delay_p99,dispatch_max,tardiness_max,container_alpha_theory,container_alpha_eff,delta_theory_us,delta_eff_us,stop_reason
soft,0.2,100000,20000,1,equal,0,0.2,equal,0,272,5000,1.0,149360914.829,289019293.08642006,291609319.03057003,291906770.463,31378.591,288988013.27815,291715534.903,291806770.463,0.2,0.197,160000,291715534.9,completed
soft,0.2,100000,20000,2,equal,0,0.1,equal,0,130,5000,0.024,9649.345000000001,100549.83564,104162.90114800005,105425.03,9624.095000000001,90818.10392000001,16256.142,5425.03,0.2,0.1937,160000,16256.1,completed
soft,0.2,100000,20000,2,equal,1,0.1,equal,0,130,5000,0.037,19315.2275,101466.46504000001,105160.49893500003,106574.612,9657.297,91579.23461,15577.173,6574.612,0.2,0.1937,160000,16256.1,completed
soft,0.2,100000,20000,2,victim,0,0.1,victim,1,130,5000,0.3616,13894.166000000001,120621.07248001751,203071.17826900005,204340.63,9697.326,110961.15929001744,118361.403,104340.63,0.2,0.1984,160000,118361.4,completed
soft,0.2,100000,20000,2,victim,1,0.1,greedy,0,130,5000,0.3926,19400.118,120231.91113001759,203356.44849500002,205131.087,9689.819,110518.3076700174,115508.673,105131.087,0.2,0.1984,160000,118361.4,completed
soft,0.2,100000,20000,4,equal,0,0.05,equal,0,67,5000,0.9994,100556746.40450001,349716954.85505,352506518.564474,352808107.196,7738.888000000001,349709200.35102004,352800358.922,352708107.196,0.2,0.1966,160000,384014400.6,completed
soft,0.2,100000,20000,4,equal,1,0.05,equal,0,67,5000,0.9996,111257199.984,261115079.40186003,263904328.72904202,264206166.475,7739.2555,261107326.45191002,264117774.096,264106166.475,0.2,0.1966,160000,384014400.6,completed
soft,0.2,100000,20000,4,equal,2,0.05,equal,0,67,5000,0.9996,195060627.46899998,345007752.2985,347717467.20301205,348099080.639,7738.541,345000020.54462004,348011269.259,347999080.639,0.2,0.1966,160000,384014400.6,completed
soft,0.2,100000,20000,4,equal,3,0.05,equal,0,67,5000,0.9996,119209244.34,381011385.52990997,383800136.059196,384101539.045,7740.1705,381003652.23437005,384014400.597,384001539.045,0.2,0.1966,160000,384014400.6,completed
soft,0.2,100000,20000,4,victim,0,0.1,victim,1,130,5000,0.7062,702441.5915,5915103.5658,6718871.661052018,7009253.21,9673.011999999999,5905493.1754600005,6918984.92,6909253.21,0.2,0.199,160000,11303729.9,completed
soft,0.2,100000,20000,4,victim,1,0.03333333333333333,greedy,0,45,5000,0.7062,1101460.4115,9501932.880110001,10903456.300121019,11307067.091,3342.5015,9498598.105810001,11303729.897,11207067.091,0.2,0.199,160000,11303729.9,completed
soft,0.2,100000,20000,4,victim,2,0.03333333333333333,greedy,0,45,5000,0.706,1102588.2714999998,9402774.4546,10709831.28909402,11112243.526,3331.9645,9398805.363930002,11108901.576,11012243.526,0.2,0.199,160000,11303729.9,completed
soft,0.2,100000,20000,4,victim,3,0.03333333333333333,greedy,0,45,5000,0.7062,1100296.08,9399868.570890002,10712586.832508018,11113296.116,3339.643,9395841.255110001,11109970.181,11013296.116,0.2,0.199,160000,11303729.9,completed
soft,0.2,100000,20000,8,equal,0,0.025,equal,0,34,5000,0.9932,8799166.9085,37310527.33920002,40301821.92871902,40708640.388,2518.4725,37307958.35551002,40706115.323,40608640.388,0.2,0.1988,160000,41311553.6,completed
soft,0.2,100000,20000,8,equal,1,0.025,equal,0,34,5000,0.9932,8713771.247499999,37411048.42632,40908911.96922902,41314190.207,2518.823,37408496.18017001,41311553.614,41214190.207,0.2,0.1988,160000,41311553.6,completed
soft,0.2,100000,20000,8,equal,2,0.025,equal,0,34,5000,0.9932,8703402.033,36810762.81556,38816161.43963702,39302035.305,2519.175,36808238.38633,39298837.805,39202035.305,0.2,0.1988,160000,41311553.6,completed
soft,0.2,100000,20000,8,equal,3,0.025,equal,0,34,5000,0.9932,8453055.477,36604136.08264002,40210275.10769002,40697493.412,2519.4224999999997,36601624.36946002,40694961.375,40597493.412,0.2,0.1988,160000,41311553.6,completed
soft,0.2,100000,20000,8,equal,4,0.025,equal,0,34,5000,0.9932,8606792.1505,35898943.97702,38710058.017003015,39197198.758,2543.117,35895714.266380005,39114616.92,39097198.758,0.2,0.1988,160000,41311553.6,completed
soft,0.2,100000,20000,8,equal,5,0.025,equal,0,34,5000,0.9932,8601183.697,35704533.66211,39297684.272537,39704515.84,2517.8225,35702025.65424,39702006.321,39604515.84,0.2,0.1988,160000,41311553.6,completed
soft,0.2,100000,20000,8,equal,6,0.025,equal,0,34,5000,0.9932,8508598.401500002,37096791.86053,40793778.646315,41200908.657,2518.849,37094257.58491,41198384.873,41100908.657,0.2,0.1988,160000,41311553.6,completed
soft,0.2,100000,20000,8,equal,7,0.025,equal,0,34,5000,0.9932,8505591.714499999,36101621.27433002,39708183.34313202,40195473.365,2518.7110000000002,36099087.333230026,40192956.001,40095473.365,0.2,0.1988,160000,41311553.6,completed
soft,0.2,100000,20000,8,victim,0,0.1,victim,1,130,5000,0.9538,904401.824,4700920.926759999,5213150.659391001,5414346.901,9675.1375,4691168.714190001,5404731.738,5314346.901,0.2,0.1991,160000,9706342.8,completed
soft,0.2,100000,20000,8,victim,1,0.014285714285714287,greedy,0,19,5000,0.9538,1603282.367,8401212.4845,9300536.741357,9498001.639,1406.4834999999998,8399723.21414,9416954.615,9398001.639,0.2,0.1991,160000,9706342.8,completed
soft,0.2,100000,20000,8,victim,2,0.014285714285714287,greedy,0,19,5000,0.9538,1601965.9054999999,8313832.844830001,9299005.157673001,9508602.71,1406.7075,8312432.2975200005,9507180.428,9408602.71,0.2,0.1991,160000,9706342.8,completed
soft,0.2,100000,20000,8,victim,3,0.014285714285714287,greedy,0,19,5000,0.9538,1604060.0375,8398711.1938,9307832.526510002,9603360.418,1406.3725,8396953.34757,9601398.751,9503360.418,0.2,0.1991,160000,9706342.8,completed
soft,0.2,100000,20000,8,victim,4,0.014285714285714287,greedy,0,19,5000,0.9538,1603584.348,8306123.31184,9309011.596487017,9598802.892,1406.9355,8304689.105219999,9597133.343,9498802.892,0.2,0.1991,160000,9706342.8,completed
soft,0.2,100000,20000,8,victim,5,0.014285714285714287,greedy,0,19,5000,0.9538,1600490.7245,8310060.58789002,9405101.787196016,9707754.431,1406.9575,8308656.67544002,9706342.75,9607754.431,0.2,0.1991,160000,9706342.8,completed
soft,0.2,100000,20000,8,victim,6,0.014285714285714287,greedy,0,19,5000,0.9538,1603148.7505,8301197.056720001,9310041.461583018,9699096.155,1406.6945,8299044.070210001,9697687.677,9599096.155,0.2,0.1991,160000,9706342.8,completed
soft,0.2,100000,20000,8,victim,7,0.014285714285714287,greedy,0,19,5000,0.9538,1603463.5455,8393013.53466,9397863.497841999,9692549.674,1406.415,8391594.25433,9611245.504,9592549.674,0.2,0.1991,160000,9706342.8,completed
soft,0.4,100000,40000,1,equal,0,0.4,equal,0,544,5000,1.0,32159169.027500004,74001916.23242,74103371.267105,74106492.258,40571.183000000005,73961273.98907,74006317.158,74006492.258,0.4,0.3996,120000,74006317.2,completed
soft,0.4,100000,40000,2,equal,0,0.2,equal,0,272,5000,0.9922,4129449.7795,17004723.61433,18624203.389680017,18903116.149,20189.8955,16984456.96517,18822936.569,18803116.149,0.4,0.3994,120000,19527210.7,completed
soft,0.4,100000,40000,2,equal,1,0.2,equal,0,272,5000,0.9922,4232417.535,17624840.679370016,19329633.191639014,19607578.969,20190.917,17604512.129940014,19527210.672,19507578.969,0.4,0.3994,120000,19527210.7,completed
soft,0.4,100000,40000,2,victim,0,0.1,victim,1,130,5000,0.9794,2324706.5455,9620892.161450002,10505868.391508002,10806975.555,9620.266,9611296.499250002,10737117.736,10706975.555,0.4,0.3997,120000,10737117.7,completed
soft,0.4,100000,40000,2,victim,1,0.30000000000000004,greedy,0,408,5000,0.9796,807038.7694999999,3126208.3661100003,3415244.448101002,3514251.201,30260.9675,3096004.72908,3423855.975,3414251.201,0.4,0.3997,120000,10737117.7,completed
soft,0.4,100000,40000,4,equal,0,0.1,equal,0,130,5000,0.0014,19091.296000000002,32617.92575000001,103930.79666600043,201526.891,9668.8565,22918.45458,131775.438,101526.891,0.4,0.3894,120000,131775.4,completed
soft,0.4,100000,40000,4,equal,1,0.1,equal,0,130,5000,0.022,37491.806,101543.57954000002,121111.98066100049,129567.472,9655.934000000001,91270.74362000002,119866.126,29567.472,0.4,0.3894,120000,131775.4,completed
soft,0.4,100000,40000,4,equal,2,0.1,equal,0,130,5000,0.0148,28156.9015,100935.83446,119278.44026500071,129932.829,9662.261999999999,91127.70877,120281.079,29932.829,0.4,0.3894,120000,131775.4,completed
soft,0.4,100000,40000,4,equal,3,0.1,equal,0,130,5000,0.0014,9730.025,23252.38521,103040.91483700047,122450.631,9692.147,13533.613910000011,112799.308,22450.631,0.4,0.3894,120000,131775.4,completed
soft,0.4,100000,40000,4,victim,0,0.1,victim,1,130,5000,0.0672,9658.029,17500937.16332001,20305171.266161006,20610554.484,9637.222,17485957.604020007,20535278.334,20510554.484,0.4,0.3879,120000,23427749.0,completed
soft,0.4,100000,40000,4,victim,1,0.10000000000000002,greedy,0,130,5000,0.0672,15361.33,20334806.338230018,23197709.826228004,23503021.26,9622.5485,20319841.68538002,23427748.967,23403021.26,0.4,0.3879,120000,23427749.0,completed
soft,0.4,100000,40000,4,victim,2,0.10000000000000002,greedy,0,130,5000,0.068,23943.277000000002,19708543.86845001,22511261.25464502,22815597.393,9626.126,19693511.022640005,22800574.587,22715597.393,0.4,0.3879,120000,23427749.0,completed
soft,0.4,100000,40000,4,victim,3,0.10000000000000002,greedy,0,130,5000,0.068,29552.0815,12022280.784540018,14825294.452675018,17195148.071,9619.2735,12007289.34259002,17119905.623,17095148.071,0.4,0.3879,120000,23427749.0,completed
soft,0.4,100000,40000,8,equal,0,0.05,equal,0,67,5000,0.9324,904991.9395000001,4623430.47049,5210797.7476510005,5332618.124,4964.8375,4618441.32046,5327597.676,5232618.124,0.4,0.399,120000,5404465.1,completed
soft,0.4,100000,40000,8,equal,1,0.05,equal,0,67,5000,0.9326,907131.909,4619241.88166,5208457.4482929995,5399244.424,4963.67,4614244.71239,5334047.294,5299244.424,0.4,0.399,120000,5404465.1,completed
soft,0.4,100000,40000,8,equal,2,0.05,equal,0,67,5000,0.9328,906392.252,4616018.942520001,5199974.263572005,5329967.4,4963.9275,4611012.680970001,5324982.289,5229967.4,0.4,0.399,120000,5404465.1,completed
soft,0.4,100000,40000,8,equal,3,0.05,equal,0,67,5000,0.9324,906584.588,4616211.40432,5215995.966782001,5406021.729,4964.845,4611266.5635,5401062.903,5306021.729,0.4,0.399,120000,5404465.1,completed
soft,0.4,100000,40000,8,equal,4,0.05,equal,0,67,5000,0.9332,902396.0675,4626212.728100001,5220748.993609016,5394414.368,4963.451999999999,4621205.9718,5329377.288,5294414.368,0.4,0.399,120000,5404465.1,completed
soft,0.4,100000,40000,8,equal,5,0.05,equal,0,67,5000,0.9334,904845.553,4617437.211600001,5130077.697191001,5314610.588,4964.699,4612456.8170300005,5309600.986,5214610.588,0.4,0.399,120000,5404465.1,completed
soft,0.4,100000,40000,8,equal,6,0.05,equal,0,67,5000,0.933,903259.9484999999,4617978.341200001,5208887.328357004,5320207.082,4962.918,4612974.86572,5315244.751,5220207.082,0.4,0.399,120000,5404465.1,completed
soft,0.4,100000,40000,8,equal,7,0.05,equal,0,67,5000,0.9334,903789.9935000001,4624187.07772,5214976.312933001,5409419.774,4964.343,4619200.87978,5404465.084,5309419.774,0.4,0.399,120000,5404465.1,completed
soft,0.4,100000,40000,8,victim,0,0.1,victim,1,130,5000,0.9718,1605996.239,5636597.13206,6206788.623331,6315684.23,9627.949499999999,5627004.95994,6306072.536,6215684.23,0.4,0.3989,120000,7494524.8,completed
soft,0.4,100000,40000,8,victim,1,0.042857142857142864,greedy,0,58,5000,0.9718,1897921.568,6634891.335450016,7297913.465917001,7412576.999,4290.9395,6630601.2908700155,7408285.402,7312576.999,0.4,0.3989,120000,7494524.8,completed
soft,0.4,100000,40000,8,victim,2,0.042857142857142864,greedy,0,58,5000,0.9718,1899607.8165,6633990.194390015,7229939.430607014,7421115.721,4291.8904999999995,6629698.909150015,7416715.051,7321115.721,0.4,0.3989,120000,7494524.8,completed
soft,0.4,100000,40000,8,victim,3,0.042857142857142864,greedy,0,58,5000,0.9716,1894228.2850000001,6696223.69604,7292729.148780003,7498808.288,4291.2325,6691890.1819400005,7494524.83,7398808.288,0.4,0.3989,120000,7494524.8,completed
soft,0.4,100000,40000,8,victim,4,0.042857142857142864,greedy,0,58,5000,0.9718,1894696.7845,6625964.711840015,7295171.224866002,7494344.885,4291.8785,6621668.188630016,7429443.027,7394344.885,0.4,0.3989,120000,7494524.8,completed
soft,0.4,100000,40000,8,victim,5,0.042857142857142864,greedy,0,58,5000,0.9718,1899066.712,6635859.963220013,7225027.609639001,7416437.163,4290.029500000001,6631527.665160014,7412142.62,7316437.163,0.4,0.3989,120000,7494524.8,completed
soft,0.4,100000,40000,8,victim,6,0.042857142857142864,greedy,0,58,5000,0.9718,1899896.5325,6625801.813220001,7294587.1404840015,7425682.434,4290.9884999999995,6621523.12479,7421384.946,7325682.434,0.4,0.3989,120000,7494524.8,completed
soft,0.4,100000,40000,8,victim,7,0.042857142857142864,greedy,0,58,5000,0.9718,1898810.1305,6625105.440169999,7297582.984022,7428908.405,4291.217,6620822.1248200005,7424606.983,7328908.405,0.4,0.3989,120000,7494524.8,completed
soft,0.6,100000,60000,1,equal,0,0.6,equal,0,816,5000,1.0,110820988.1955,249844240.88601002,252412059.75696602,252701205.475,94037.07699999999,249750544.67972,252527663.376,252601205.475,0.6,0.5997,80000,252527663.4,completed
soft,0.6,100000,60000,2,equal,0,0.3,equal,0,408,5000,0.9916,4113689.325,17446703.73869,19201301.944523003,19429005.41,30376.0575,17416439.29334,19358626.807,19329005.41,0.6,0.5993,80000,19358626.8,completed
soft,0.6,100000,60000,2,equal,1,0.3,equal,0,408,5000,0.9916,4034231.6799999997,16728980.554560004,18440432.904433016,18708749.699,30372.313000000002,16698616.109090004,18638245.87,18608749.699,0.6,0.5993,80000,19358626.8,completed
soft,0.6,100000,60000,2,victim,0,0.1,victim,1,130,5000,1.0,468829815.6525,652517811.21257,655900580.580489,656245721.895,14987.5165,652502794.81555,656230763.626,656145721.895,0.6,0.5974,80000,656230763.6,completed
soft,0.6,100000,60000,2,victim,1,0.5,greedy,0,680,5000,1.0,78479826.9155,153598205.84804,154940922.057016,155113510.785,78381.243,153520284.75224,154955219.736,155013510.785,0.6,0.5974,80000,656230763.6,completed
soft,0.6,100000,60000,4,equal,0,0.15,equal,0,201,5000,0.9982,22404540.106,43222502.18857001,45707130.44466901,46052100.607,14944.685,43207595.96186,46034704.002,45952100.607,0.6,0.587,80000,47151019.8,completed
soft,0.6,100000,60000,4,equal,1,0.15,equal,0,201,5000,0.9982,21780095.685500003,43603418.60316,46820750.443770014,47205936.798,14945.205,43588437.8125,47151019.761,47105936.798,0.6,0.587,80000,47151019.8,completed
soft,0.6,100000,60000,4,equal,2,0.15,equal,0,201,5000,0.9984,21803047.8685,43008437.31939001,44599976.08910401,44945270.945,14947.8975,42993488.73002,44930354.017,44845270.945,0.6,0.587,80000,47151019.8,completed
soft,0.6,100000,60000,4,equal,3,0.15,equal,0,201,5000,0.9982,20539468.839,42837590.91154,43437385.97414701,43652504.534,14948.4705,42822713.16697,43637517.364,43552504.534,0.6,0.587,80000,47151019.8,completed
soft,0.6,100000,60000,4,victim,0,0.1,victim,1,130,5000,0.9994,141634181.968,360343100.44492006,364129279.830883,364540520.794,14910.7755,360333498.55224,364526568.391,364440520.794,0.6,0.5904,80000,364526568.4,completed
soft,0.6,100000,60000,4,victim,1,0.16666666666666666,greedy,0,224,5000,0.9994,88569831.572,263854168.25793004,267124693.628293,267501638.44,25777.198,263837643.04137,267444715.036,267401638.44,0.6,0.5904,80000,364526568.4,completed
soft,0.6,100000,60000,4,victim,2,0.16666666666666666,greedy,0,224,5000,0.9994,158825689.79000002,334842326.9213,338115971.82003605,338453187.544,16848.216,334825795.68987,338436626.875,338353187.544,0.6,0.5904,80000,364526568.4,completed
soft,0.6,100000,60000,4,victim,3,0.16666666666666666,greedy,0,224,5000,0.9996,118324381.8405,257851481.96193004,260427811.447017,260718169.302,25796.955,257825677.48384002,260652685.241,260618169.302,0.6,0.5904,80000,364526568.4,completed
soft,0.6,100000,60000,8,equal,0,0.075,equal,0,101,5000,0.9578,1252492.505,6338927.111450001,7205588.429695001,7447233.567,7508.2875,6331413.501320001,7439709.767,7347233.567,0.6,0.5989,80000,7527990.7,completed
soft,0.6,100000,60000,8,equal,1,0.075,equal,0,101,5000,0.9578,1299071.0055,6416248.496540001,7248968.695479001,7526293.586,7508.7755,6408743.168650001,7518716.072,7426293.586,0.6,0.5989,80000,7527990.7,completed
soft,0.6,100000,60000,8,equal,2,0.075,equal,0,101,5000,0.9578,1299440.364,6411553.663880002,7155862.529146011,7356015.414,7509.2355,6404026.693560001,7348310.467,7256015.414,0.6,0.5989,80000,7527990.7,completed
soft,0.6,100000,60000,8,equal,3,0.075,equal,0,101,5000,0.9578,1299090.6400000001,6412736.051000003,7137748.090200012,7415131.396,7509.4439999999995,6405235.944110003,7407507.115,7315131.396,0.6,0.5989,80000,7527990.7,completed
soft,0.6,100000,60000,8,equal,4,0.075,equal,0,101,5000,0.9578,1295131.7295,6408513.816260002,7237098.402977013,7535517.229,7508.856,6400995.538660002,7527990.651,7435517.229,0.6,0.5989,80000,7527990.7,completed
soft,0.6,100000,60000,8,equal,5,0.075,equal,0,101,5000,0.958,1299874.6464999998,6391347.415000002,7114816.305773016,7392171.237,7509.7715,6383849.797440002,7344576.404,7292171.237,0.6,0.5989,80000,7527990.7,completed
soft,0.6,100000,60000,8,equal,6,0.075,equal,0,101,5000,0.9578,1295695.7425000002,6325177.16423,7127356.271872014,7432596.943,7509.269,6317621.31418,7425088.496,7332596.943,0.6,0.5989,80000,7527990.7,completed
soft,0.6,100000,60000,8,equal,7,0.075,equal,0,101,5000,0.958,1290575.4959999998,6405452.227150002,7209127.735912017,7527250.506,7508.780500000001,6397923.139480001,7519707.436,7427250.506,0.6,0.5989,80000,7527990.7,completed
soft,0.6,100000,60000,8,victim,0,0.1,victim,1,130,5000,0.7858,226710.3845,637036.99976,643436.8222050001,646447.819,9627.2835,627273.89739,636851.76,546447.819,0.6,0.599,80000,706965.1,completed
soft,0.6,100000,60000,8,victim,1,0.07142857142857142,greedy,0,96,5000,0.7858,227443.688,651188.68532,656737.73534,700402.398,7107.3535,644090.87248,652646.699,600402.398,0.6,0.599,80000,706965.1,completed
soft,0.6,100000,60000,8,victim,2,0.07142857142857142,greedy,0,96,5000,0.7948,228338.053,647571.46766,653859.7826010003,656869.513,7106.9995,640483.59626,649768.878,556869.513,0.6,0.599,80000,706965.1,completed
soft,0.6,100000,60000,8,victim,3,0.07142857142857142,greedy,0,96,5000,0.8108,233139.4915,634185.49181,641314.3681379999,644334.038,7106.1759999999995,627077.30576,637244.313,544334.038,0.6,0.599,80000,706965.1,completed
soft,0.6,100000,60000,8,victim,4,0.07142857142857142,greedy,0,96,5000,0.807,233895.044,637060.97887,643167.637824,647452.215,7107.0,629973.5573999999,640353.997,547452.215,0.6,0.599,80000,706965.1,completed
soft,0.6,100000,60000,8,victim,5,0.07142857142857142,greedy,0,96,5000,0.7954,232166.113,644202.90448,650370.246667,652782.66,7107.003000000001,637115.30897,645461.835,552782.66,0.6,0.599,80000,706965.1,completed
soft,0.6,100000,60000,8,victim,6,0.07142857142857142,greedy,0,96,5000,0.8066,232927.725,640354.1771800001,646716.887628,651389.124,7107.0045,633095.1720600001,644231.978,551389.124,0.6,0.599,80000,706965.1,completed
soft,0.6,100000,60000,8,victim,7,0.07142857142857142,greedy,0,96,5000,0.8106,232639.36,631868.05391,644557.834619,714070.135,7106.2005,624738.33004,706965.117,614070.135,0.6,0.599,80000,706965.1,completed
soft,0.8,100000,80000,1,equal,0,0.8,equal,0,1088,5000,1.0,102986403.087,241049266.18877003,243571159.280755,243853882.103,125017.2605,240924220.69139004,243708896.647,243753882.103,0.8,0.7997,40000,243708896.6,completed
soft,0.8,100000,80000,2,equal,0,0.4,equal,0,544,5000,0.9868,2725856.091,11815071.04254,13061524.914266013,13319869.158,40330.301,11774721.117150001,13259301.13,13219869.158,0.8,0.7994,40000,13259301.1,completed
soft,0.8,100000,80000,2,equal,1,0.4,equal,0,544,5000,0.9866,2688346.3115,11873696.138040006,12826031.239418,12933402.092,40324.939,11833429.019140005,12872873.799,12833402.092,0.8,0.7994,40000,13259301.1,completed
soft,0.8,100000,80000,2,victim,0,0.1,victim,1,130,5000,0.9978,446477155.297,645620296.12842,649266040.9130011,649670797.341,14932.4775,645605396.36687,649655922.233,649570797.341,0.8,0.7996,40000,649655922.2,completed
soft,0.8,100000,80000,2,victim,1,0.7000000000000001,greedy,0,952,5000,0.9978,82836851.065,172921600.28048,174567154.714105,174754304.068,109380.2305,172812011.12416,174625297.806,174654304.068,0.8,0.7996,40000,649655922.2,completed
soft,0.8,100000,80000,4,equal,0,0.2,equal,0,272,5000,0.9852,3513315.4195,15319368.15257,16901082.098665014,17260388.15,20227.6295,15299145.24011,17238447.207,17160388.15,0.8,0.799,40000,17238447.2,completed
soft,0.8,100000,80000,4,equal,1,0.2,equal,0,272,5000,0.9852,3521555.137,15255134.62906001,16553652.81518701,16740998.739,20227.6355,15234906.464690011,16720812.646,16640998.739,0.8,0.799,40000,17238447.2,completed
soft,0.8,100000,80000,4,equal,2,0.2,equal,0,272,5000,0.985,3510040.6270000003,14910855.328090005,16469242.667448016,16847770.285,20229.7775,14890638.614990003,16827556.568,16747770.285,0.8,0.799,40000,17238447.2,completed
soft,0.8,100000,80000,4,equal,3,0.2,equal,0,272,5000,0.985,3463786.0235,15103566.965050006,16737180.869103016,17115838.284,20228.831,15083362.660980007,17095633.538,17015838.284,0.8,0.799,40000,17238447.2,completed
soft,0.8,100000,80000,4,victim,0,0.1,victim,1,130,5000,0.444,54489.8545,2175269.073440001,2401451.5473580007,2468276.691,9641.048999999999,2165607.2461800002,2458647.13,2368276.691,0.8,0.7988,40000,2458647.1,completed
soft,0.8,100000,80000,4,victim,1,0.23333333333333336,greedy,0,313,5000,0.588,109589.0875,1758383.13409,1953468.391707003,2004185.99,23239.046,1735261.23918,1959850.205,1904185.99,0.8,0.7988,40000,2458647.1,completed
soft,0.8,100000,80000,4,victim,2,0.23333333333333336,greedy,0,313,5000,0.457,73412.98800000001,1758322.09694,1956526.0382530005,2020295.565,23233.163,1735205.49133,1977004.22,1920295.565,0.8,0.7988,40000,2458647.1,completed
soft,0.8,100000,80000,4,victim,3,0.23333333333333336,greedy,0,313,5000,0.5876,110345.4045,1763888.2859800004,1942769.5359780008,2019302.374,23237.5295,1740456.2890000003,1975486.079,1919302.374,0.8,0.7988,40000,2458647.1,completed
soft,0.8,100000,80000,8,equal,0,0.1,equal,0,130,5000,0.9994,130256913.1085,354268842.36009,357934007.487142,358338788.956,14943.1625,354253945.68699,358323786.212,358238788.956,0.8,0.7883,40000,361452182.3,completed
soft,0.8,100000,80000,8,equal,1,0.1,equal,0,130,5000,0.9992,92072922.755,312832005.90411,316476403.56905,316901545.252,14945.58,312817061.39309,316866622.769,316801545.252,0.8,0.7883,40000,361452182.3,completed
soft,0.8,100000,80000,8,equal,2,0.1,equal,0,130,5000,0.9992,83586564.03549999,273143052.48448,276809047.61587304,277213111.186,14941.133,273128120.42403,277198135.413,277113111.186,0.8,0.7883,40000,361452182.3,completed
soft,0.8,100000,80000,8,equal,3,0.1,equal,0,130,5000,0.9994,97626821.78099999,288734403.40804005,292400351.913705,292806028.239,14944.8285,288719484.41218007,292770405.401,292706028.239,0.8,0.7883,40000,361452182.3,completed
soft,0.8,100000,80000,8,equal,4,0.1,equal,0,130,5000,0.9994,122027273.231,320541039.91721,324208396.417328,324613816.075,14935.5125,320526141.50151,324598788.202,324513816.075,0.8,0.7883,40000,361452182.3,completed
soft,0.8,100000,80000,8,equal,5,0.1,equal,0,130,5000,0.9994,142729504.493,341850803.90082,345516981.455031,345921818.526,14945.247,341835806.0279,345906893.865,345821818.526,0.8,0.7883,40000,361452182.3,completed
soft,0.8,100000,80000,8,equal,6,0.1,equal,0,130,5000,0.9994,105993825.5095,345121819.90028,348768341.396606,349193565.039,14938.7495,345106844.1926,349158641.601,349093565.039,0.8,0.7883,40000,361452182.3,completed
soft,0.8,100000,80000,8,equal,7,0.1,equal,0,130,5000,0.9994,120093919.4395,357417089.4412,361061123.43077904,361467307.777,14947.255000000001,357402221.74516004,361452182.254,361367307.777,0.8,0.7883,40000,361452182.3,completed
soft,0.8,100000,80000,8,victim,0,0.1,victim,1,130,5000,0.9992,92289551.2,319368000.62522,323033829.63295704,323438953.903,14940.9165,319353160.58264,323424007.445,323338953.903,0.8,0.7883,40000,360203447.3,completed
soft,0.8,100000,80000,8,victim,1,0.1,greedy,0,130,5000,0.9992,83587472.9435,276967322.54063004,280634159.619069,281039310.958,14943.333999999999,276952371.15860003,281024319.716,280939310.958,0.8,0.7883,40000,360203447.3,completed
soft,0.8,100000,80000,8,victim,2,0.1,greedy,0,130,5000,0.9994,120811752.4365,356145994.2377201,359813269.54920197,360218378.348,14931.412,356131102.54761,360203447.342,360118378.348,0.8,0.7883,40000,360203447.3,completed
soft,0.8,100000,80000,8,victim,3,0.1,greedy,0,130,5000,0.9994,107503930.9355,345124560.04092,348791589.67012006,349196571.744,14937.9575,345109601.16441005,349161626.911,349096571.744,0.8,0.7883,40000,360203447.3,completed
soft,0.8,100000,80000,8,victim,4,0.1,greedy,0,130,5000,0.9994,95543572.16499999,285466680.03335,289132703.407395,289537689.175,14938.759,285451792.34076,289522781.816,289437689.175,0.8,0.7883,40000,360203447.3,completed
soft,0.8,100000,80000,8,victim,5,0.1,greedy,0,130,5000,0.9994,118749465.599,317646189.83946,321311815.32376105,321715961.384,14943.369,317631225.73926,321700970.55,321615961.384,0.8,0.7883,40000,360203447.3,completed
soft,0.8,100000,80000,8,victim,6,0.1,greedy,0,130,5000,0.9994,141799794.1095,340947475.11279005,344611697.51377004,345017264.126,14937.861499999999,340932527.88596004,345002309.819,344917264.126,0.8,0.7883,40000,360203447.3,completed
soft,0.8,100000,80000,8,victim,7,0.1,greedy,0,130,5000,0.9994,132627370.698,354210153.70012,357858879.021437,358263887.749,14928.8985,354195213.86876,358248930.233,358163887.749,0.8,0.7883,40000,360203447.3,completed
soft,0.94,100000,94000,1,equal,0,0.94,equal,0,1278,5000,1.0,150716668.597,287330037.50509,289835447.76812506,290115576.402,146409.69150000002,287184025.08454,289957117.129,290015576.402,0.94,0.9266,12000,289957117.1,completed
soft,0.94,100000,94000,2,equal,0,0.47,equal,0,631,5000,0.9638,738545.1135,2300077.73676,2443029.1674130005,2509529.174,46826.43,2253036.6129600005,2455269.433,2409529.174,0.94,0.9392,12000,2455269.4,completed
soft,0.94,100000,94000,2,equal,1,0.47,equal,0,631,5000,0.9638,738265.131,2300275.5908800005,2441120.4311960004,2507989.721,46827.33,2253494.4227900007,2454410.802,2407989.721,0.94,0.9392,12000,2455269.4,completed
soft,0.94,100000,94000,2,victim,0,0.1,victim,1,130,5000,1.0,487670693.2075,693726813.0192499,697511455.362077,697931352.717,14900.883000000002,693711921.68207,697916462.173,697831352.717,0.94,0.9268,12000,697916462.2,completed
soft,0.94,100000,94000,2,victim,1,0.84,greedy,0,1127,5000,1.0,101180545.589,192968396.94511,194660267.190891,194856067.459,129190.3865,192839210.08114,194721535.446,194756067.459,0.94,0.9268,12000,697916462.2,completed
soft,0.94,100000,94000,4,equal,0,0.235,equal,0,315,5000,0.3824,97123.4925,551883.4729400029,1851486.0532320153,2213403.087,23352.103,528016.7802900003,2168851.027,2113403.087,0.94,0.9388,12000,2846715.6,completed
soft,0.94,100000,94000,4,equal,1,0.235,equal,0,315,5000,0.107,54065.278000000006,672512.82458,2191589.195926013,2504376.376,23353.966,635635.9017500025,2462217.44,2404376.376,0.94,0.9388,12000,2846715.6,completed
soft,0.94,100000,94000,4,equal,2,0.235,equal,0,315,5000,0.1072,76555.554,553790.5532300055,2171614.243088013,2478103.599,23358.5015,518800.1670400079,2442053.11,2378103.599,0.94,0.9388,12000,2846715.6,completed
soft,0.94,100000,94000,4,equal,3,0.235,equal,0,315,5000,0.383,70003.80900000001,624261.8795300106,2575934.233738013,2882989.802,23357.4695,600757.2203100084,2846715.609,2782989.802,0.94,0.9388,12000,2846715.6,completed
soft,0.94,100000,94000,4,victim,0,0.1,victim,1,130,5000,0.889,490355.171,1458279.07229,1489403.8181160002,1500787.35,9662.5805,1448625.82955,1485658.863,1400787.35,0.94,0.9395,12000,1485658.9,completed
soft,0.94,100000,94000,4,victim,1,0.27999999999999997,greedy,0,376,5000,0.8932,410698.984,1158642.7704999999,1189281.60183,1202387.298,27966.1955,1130706.60314,1170059.777,1102387.298,0.94,0.9395,12000,1485658.9,completed
soft,0.94,100000,94000,4,victim,2,0.27999999999999997,greedy,0,376,5000,0.8978,403316.74049999996,1151016.1583,1181720.804498,1188136.27,27965.4455,1122643.5789700001,1160070.274,1088136.27,0.94,0.9395,12000,1485658.9,completed
soft,0.94,100000,94000,4,victim,3,0.27999999999999997,greedy,0,376,5000,0.8976,410612.06799999997,1166485.15224,1202492.1341680004,1210706.378,27964.655,1138408.0454300002,1176783.255,1110706.378,0.94,0.9395,12000,1485658.9,completed
soft,0.94,100000,94000,8,equal,0,0.1175,equal,0,158,5000,0.9596,1316667.625,4913654.9981,5299343.415832001,5368467.987,11749.470000000001,4901895.19227,5356809.8,5268467.987,0.94,0.9388,12000,5397026.8,completed
soft,0.94,100000,94000,8,equal,1,0.1175,equal,0,158,5000,0.9596,1317715.187,4917973.140780001,5297584.489069001,5379417.856,11750.3505,4906223.331850001,5367757.281,5279417.856,0.94,0.9388,12000,5397026.8,completed
soft,0.94,100000,94000,8,equal,2,0.1175,equal,0,158,5000,0.9598,1318397.5240000002,4915090.76456,5282274.424794008,5370522.601,11750.097,4903335.515910001,5358853.262,5270522.601,0.94,0.9388,12000,5397026.8,completed
soft,0.94,100000,94000,8,equal,3,0.1175,equal,0,158,5000,0.9598,1321648.449,4938678.032280001,5320473.420652004,5408765.075,11749.551,4926966.064660001,5397026.83,5308765.075,0.94,0.9388,12000,5397026.8,completed
soft,0.94,100000,94000,8,equal,4,0.1175,equal,0,158,5000,0.9598,1315522.5875,4925792.314150001,5297455.15554,5379799.013,11750.721,4914100.932390001,5367973.378,5279799.013,0.94,0.9388,12000,5397026.8,completed
soft,0.94,100000,94000,8,equal,5,0.1175,equal,0,158,5000,0.96,1319184.9670000002,4926037.880650001,5330635.058774002,5395483.002,11750.8335,4914303.54483,5377577.218,5295483.002,0.94,0.9388,12000,5397026.8,completed
soft,0.94,100000,94000,8,equal,6,0.1175,equal,0,158,5000,0.96,1318512.746,4922453.846190002,5324931.533658002,5396467.981,11751.633,4910695.847230001,5378736.85,5296467.981,0.94,0.9388,12000,5397026.8,completed
soft,0.94,100000,94000,8,equal,7,0.1175,equal,0,158,5000,0.96,1316420.4440000001,4922946.174130004,5301517.499822005,5383751.785,11750.333999999999,4911230.771700004,5372000.215,5283751.785,0.94,0.9388,12000,5397026.8,completed
soft,0.94,100000,94000,8,victim,0,0.1,victim,1,130,5000,0.9994,162177450.9775,366700083.4886,370477121.36780703,370902167.546,14974.546999999999,366685036.79373,370880436.92,370802167.546,0.94,0.9258,12000,387721708.5,completed
soft,0.94,100000,94000,8,victim,1,0.12,greedy,0,161,5000,0.9994,131948075.83399999,383730725.27189004,387339733.33015805,387740294.539,18547.354,383712156.06897,387721708.496,387640294.539,0.94,0.9258,12000,387721708.5,completed
soft,0.94,100000,94000,8,victim,2,0.12,greedy,0,161,5000,0.9994,118001808.0965,374973472.49674,378583705.168786,378984478.766,18537.533000000003,374954993.45775,378965892.499,378884478.766,0.94,0.9258,12000,387721708.5,completed
soft,0.94,100000,94000,8,victim,3,0.12,greedy,0,161,5000,0.9994,143736204.4645,376270542.85333,379881491.121041,380288512.092,18537.898999999998,376252077.45687,380263802.804,380188512.092,0.94,0.9258,12000,387721708.5,completed
soft,0.94,100000,94000,8,victim,4,0.12,greedy,0,161,5000,0.9994,103295839.9935,350963651.70421,354575330.130057,354976046.78,18543.618000000002,350945166.41842,354957514.222,354876046.78,0.94,0.9258,12000,387721708.5,completed
soft,0.94,100000,94000,8,victim,5,0.12,greedy,0,161,5000,0.9994,88172799.8345,301970519.59613,305581216.697618,305981848.673,18542.331,301951993.94166005,305963321.889,305881848.673,0.94,0.9258,12000,387721708.5,completed
soft,0.94,100000,94000,8,victim,6,0.12,greedy,0,161,5000,0.9996,98940795.707,273345027.54644,276953806.674806,277355007.722,18529.9335,273326420.72081,277336532.13,277255007.722,0.94,0.9258,12000,387721708.5,completed
soft,0.94,100000,94000,8,victim,7,0.12,greedy,0,161,5000,0.9994,135613921.513,331217766.97064,334829295.861386,335232655.984,18540.322999999997,331199159.96958,335214157.932,335132655.984,0.94,0.9258,12000,387721708.5,completed
tight,0.2,10000,2000,1,equal,0,0.2,equal,0,27,,,,,,,,,,,0.2,,16000,0.0,completed
tight,0.2,10000,2000,2,equal,0,0.1,equal,0,13,,,,,,,,,,,0.2,,16000,0.0,completed
tight,0.2,10000,2000,2,equal,1,0.1,equal,0,13,,,,,,,,,,,0.2,,16000,0.0,completed
tight,0.2,10000,2000,2,victim,0,0.1,victim,1,13,5000,0.9788,150119.476,639972.5036599999,680436.3452300001,690977.106,980.6775,639002.66927,689986.343,680977.106,0.2,0.1975,16000,699470.9,completed
tight,0.2,10000,2000,2,victim,1,0.1,greedy,0,13,5000,0.9798,150813.755,640684.2369700001,689464.7833020001,700448.97,970.2605,639493.9652000002,699470.921,690448.97,0.2,0.1975,16000,699470.9,completed
tight,0.2,10000,2000,4,equal,0,0.05,equal,0,7,5000,0.9996,9207940.484000001,35198224.817439996,35526615.800223,35557980.599,809.0615,35197474.75693,35557463.081,35547980.599,0.2,0.1926,16000,41596184.4,completed
tight,0.2,10000,2000,4,equal,1,0.05,equal,0,7,5000,0.9998,14305397.3235,28480937.74841,28750099.733702,28779988.653,813.304,28480115.21748,28770987.12,28769988.653,0.2,0.1926,16000,41596184.4,completed
tight,0.2,10000,2000,4,equal,2,0.05,equal,0,7,5000,0.9996,25451675.480499998,41306836.66777,41566765.789362,41597003.422,799.8735,41306022.32091,41596184.387,41587003.422,0.2,0.1926,16000,41596184.4,completed
tight,0.2,10000,2000,4,equal,3,0.05,equal,0,7,5000,0.9996,8181169.221,37675561.63158,37997105.771512,38036291.531,802.961,37675023.47824,38035734.394,38026291.531,0.2,0.1926,16000,41596184.4,completed
tight,0.2,10000,2000,4,victim,0,0.1,victim,1,13,5000,0.0818,1006.583,20017.12412,30412.950466000035,31619.448,977.34,18672.76744000001,30655.408,21619.448,0.2,0.1926,16000,59700.5,completed
tight,0.2,10000,2000,4,victim,1,0.03333333333333333,greedy,0,4,5000,0.0818,496.556,29418.47966000002,49209.10874400007,59208.015,301.16549999999995,29088.599530000025,50723.264,49208.015,0.2,0.1926,16000,59700.5,completed
tight,0.2,10000,2000,4,victim,2,0.03333333333333333,greedy,0,4,5000,0.082,325.7445,29377.767580000003,58114.922624000064,68114.682,310.4335,29077.904240000003,59700.453,58114.682,0.2,0.1926,16000,59700.5,completed
tight,0.2,10000,2000,4,victim,3,0.03333333333333333,greedy,0,4,5000,0.0822,7731.5615,29308.27796,49413.46411700004,67915.558,302.71950000000004,29011.63044,59621.11,57915.558,0.2,0.1926,16000,59700.5,completed
tight,0.2,10000,2000,8,equal,0,0.025,equal,0,3,5000,0.9994,13361011.2845,33364857.92793,33726302.906613,33766460.373,345.362,33364509.4456,33766114.497,33756460.373,0.2,0.1891,16000,33766114.5,completed
tight,0.2,10000,2000,8,equal,1,0.025,equal,0,3,5000,0.9992,6534446.990499999,25639279.832440004,26008807.362973,26048805.253,344.77700000000004,25638934.61537,26040656.521,26038805.253,0.2,0.1891,16000,33766114.5,completed
tight,0.2,10000,2000,8,equal,2,0.025,equal,0,3,5000,0.9994,12350133.3655,33014431.175350003,33383971.14095,33424132.87,345.1915,33014074.01181,33423784.046,33414132.87,0.2,0.1891,16000,33766114.5,completed
tight,0.2,10000,2000,8,equal,3,0.025,equal,0,3,5000,0.9992,8110322.838500001,24251099.500980005,24620666.924695,24660827.159,344.52049999999997,24250758.459140003,24660478.536,24650827.159,0.2,0.1891,16000,33766114.5,completed
tight,0.2,10000,2000,8,equal,4,0.025,equal,0,3,5000,0.9992,11087044.18,31302080.49075,31671621.936182,31711971.323,345.106,31301733.57155,31711621.667,31701971.323,0.2,0.1891,16000,33766114.5,completed
tight,0.2,10000,2000,8,equal,5,0.025,equal,0,3,5000,0.9992,9836554.5295,28002273.080450002,28371818.780395,28412048.213,344.78499999999997,28001925.93852,28411672.763,28402048.213,0.2,0.1891,16000,33766114.5,completed
tight,0.2,10000,2000,8,equal,6,0.025,equal,0,3,5000,0.9992,9323699.612,29387413.87531,29749205.272790004,29797392.899,344.727,29387061.89804,29789020.977,29787392.899,0.2,0.1891,16000,33766114.5,completed
tight,0.2,10000,2000,8,equal,7,0.025,equal,0,3,5000,0.9994,8887368.3545,32518193.557550002,32887751.709230002,32927923.111,345.2155,32517849.871960003,32927576.974,32917923.111,0.2,0.1891,16000,33766114.5,completed
tight,0.2,10000,2000,8,victim,0,0.1,victim,1,13,5000,0.9974,1396730.7695,6387481.811530001,6616395.4306419995,6637593.28,989.2635,6386495.408190003,6636602.495,6627593.28,0.2,0.1923,16000,12199961.6,completed
tight,0.2,10000,2000,8,victim,1,0.014285714285714287,greedy,0,2,5000,0.9974,2401213.0095,10790839.83651,11209648.735694,11250757.745,148.102,10790692.607190004,11250591.19,11240757.745,0.2,0.1923,16000,12199961.6,completed
tight,0.2,10000,2000,8,victim,2,0.014285714285714287,greedy,0,2,5000,0.9972,2165828.5625,8455693.582240002,8866300.097698003,8915480.467,147.84699999999998,8455541.184360003,8915329.348,8905480.467,0.2,0.1923,16000,12199961.6,completed
tight,0.2,10000,2000,8,victim,3,0.014285714285714287,greedy,0,2,5000,0.9974,2192549.4615,9522695.143410003,9932975.064413002,9982172.784,147.7775,9522547.988530003,9982007.354,9972172.784,0.2,0.1923,16000,12199961.6,completed
tight,0.2,10000,2000,8,victim,4,0.014285714285714287,greedy,0,2,5000,0.9972,2152915.1765,8934599.875280002,9344609.868211001,9393805.156,147.945,8934452.682820003,9393654.77,9383805.156,0.2,0.1923,16000,12199961.6,completed
tight,0.2,10000,2000,8,victim,5,0.014285714285714287,greedy,0,2,5000,0.9972,2210380.5319999997,8209034.38482,8619559.943722002,8660453.663,147.596,8208886.86074,8660299.348,8650453.663,0.2,0.1923,16000,12199961.6,completed
tight,0.2,10000,2000,8,victim,6,0.014285714285714287,greedy,0,2,5000,0.9974,2558971.5165,11740459.497000003,12158941.463567002,12200127.944,147.776,11740289.421710003,12199961.646,12190127.944,0.2,0.1923,16000,12199961.6,completed
tight,0.2,10000,2000,8,victim,7,0.014285714285714287,greedy,0,2,5000,0.9972,2280036.4365,10141646.484140003,10560071.372779002,10601184.398,147.893,10141499.303700004,10600999.509,10591184.398,0.2,0.1923,16000,12199961.6,completed
tight,0.4,10000,4000,1,equal,0,0.4,equal,0,52,5000,0.279,3894.594,13600.029370000002,20794.90942400002,21332.024,3874.1425,9715.388500000001,11349.477,11332.024,0.4,0.3911,12000,11349.5,completed
tight,0.4,10000,4000,2,equal,0,0.2,equal,0,27,5000,0.985,211085.5255,880186.4433000002,970058.2619670004,991973.077,1998.226,878186.0499600001,989969.917,981973.077,0.4,0.3977,12000,989969.9,completed
tight,0.4,10000,4000,2,equal,1,0.2,equal,0,27,5000,0.9852,210973.07049999997,859132.12168,942672.3636470017,970364.311,1998.539,857134.75868,962259.505,960364.311,0.4,0.3977,12000,989969.9,completed
tight,0.4,10000,4000,2,victim,0,0.1,victim,1,13,5000,0.9952,982992.4310000001,3702067.209740002,4041653.9632280017,4080680.533,964.7774999999999,3701094.817270002,4079688.89,4070680.533,0.4,0.3974,12000,4079688.9,completed
tight,0.4,10000,4000,2,victim,1,0.30000000000000004,greedy,0,41,5000,0.9948,303054.6335,1220882.4344100002,1322511.8195250004,1332879.18,3064.1825,1217812.7667500002,1323796.849,1322879.18,0.4,0.3974,12000,4079688.9,completed
tight,0.4,10000,4000,4,equal,0,0.1,equal,0,13,5000,0.0238,975.1655000000001,18253.918720000034,28683.56578400002,35662.252,963.448,17294.217170000033,28605.882,25662.252,0.4,0.389,12000,30351.8,completed
tight,0.4,10000,4000,4,equal,1,0.1,equal,0,13,5000,0.0248,976.1775,15369.473330000032,25747.056646000052,32776.024,964.2135000000001,14395.934990000002,25856.266,22776.024,0.4,0.389,12000,30351.8,completed
tight,0.4,10000,4000,4,equal,2,0.1,equal,0,13,5000,0.0248,978.777,12769.722050000035,23054.93804300002,30015.991,964.5895,11636.102620000034,22953.17,20015.991,0.4,0.389,12000,30351.8,completed
tight,0.4,10000,4000,4,equal,3,0.1,equal,0,13,5000,0.0238,973.3225,19017.98556,22583.727152000065,31322.295,962.6195,18054.75971,30351.767,21322.295,0.4,0.389,12000,30351.8,completed
tight,0.4,10000,4000,4,victim,0,0.1,victim,1,13,5000,0.0002,977.763,5364.3911400000015,9220.562014000003,15269.573,963.7815,4380.250540000004,14308.24,5269.573,0.4,0.3879,12000,14308.2,completed
tight,0.4,10000,4000,4,victim,1,0.10000000000000002,greedy,0,13,5000,0.0002,978.0115000000001,3187.0995600000065,6885.339660000007,10017.257,967.2405,2207.2572000000027,6105.531,17.257,0.4,0.3879,12000,14308.2,completed
tight,0.4,10000,4000,4,victim,2,0.10000000000000002,greedy,0,13,5000,0.0008,1003.3945,9061.3421,9691.774706000018,13103.402,961.303,8090.238030000001,10053.949,3103.402,0.4,0.3879,12000,14308.2,completed
tight,0.4,10000,4000,4,victim,3,0.10000000000000002,greedy,0,13,5000,0.0012,1061.507,9127.29038,12105.445301,18147.186,961.3885,8161.783829999999,11082.235,8147.186,0.4,0.3879,12000,14308.2,completed
tight,0.4,10000,4000,8,equal,0,0.05,equal,0,7,5000,0.9988,6891762.6515,34552809.25502,34911402.18768801,34951343.457,803.567,34551998.51951,34950530.753,34941343.457,0.4,0.3879,12000,35076405.3,completed
tight,0.4,10000,4000,8,equal,1,0.05,equal,0,7,5000,0.9988,5855995.183,32930775.716450002,33289843.189852003,33329432.909,804.403,32929970.279620003,33322668.423,33319432.909,0.4,0.3879,12000,35076405.3,completed
tight,0.4,10000,4000,8,equal,2,0.05,equal,0,7,5000,0.9988,8739669.9395,28207997.73169,28561245.945693,28600643.675,802.667,28207205.18188,28599824.467,28590643.675,0.4,0.3879,12000,35076405.3,completed
tight,0.4,10000,4000,8,equal,3,0.05,equal,0,7,5000,0.999,5758660.2885,24257074.437650003,24609547.621589,24649521.191,803.9670000000001,24256269.54124,24648715.688,24639521.191,0.4,0.3879,12000,35076405.3,completed
tight,0.4,10000,4000,8,equal,4,0.05,equal,0,7,5000,0.9988,5223082.3345,29549080.46705,29908088.433452003,29948013.047,804.979,29548283.074780002,29947208.453,29938013.047,0.4,0.3879,12000,35076405.3,completed
tight,0.4,10000,4000,8,equal,5,0.05,equal,0,7,5000,0.9988,9162867.248,31355135.195749998,31707797.801966,31747741.629,803.8845,31354319.44239,31746927.74,31737741.629,0.4,0.3879,12000,35076405.3,completed
tight,0.4,10000,4000,8,equal,6,0.05,equal,0,7,5000,0.9988,8609933.320999999,33546477.15272,33905715.242528,33945677.209,803.6685,33545668.957340002,33944873.673,33935677.209,0.4,0.3879,12000,35076405.3,completed
tight,0.4,10000,4000,8,equal,7,0.05,equal,0,7,5000,0.9988,7809013.72,34684597.77549,35043209.152217,35083163.325,802.4575,34683788.553830005,35076405.282,35073163.325,0.4,0.3879,12000,35076405.3,completed
tight,0.4,10000,4000,8,victim,0,0.1,victim,1,13,5000,0.9994,20983055.5195,36207354.35556,36487095.49155299,36517754.805,1498.1615000000002,36205835.49311,36510606.595,36507754.805,0.4,0.3867,12000,43075839.5,completed
tight,0.4,10000,4000,8,victim,1,0.042857142857142864,greedy,0,6,5000,0.9994,10727523.6015,33701565.22539,34071474.245963,34111646.053,690.1955,33700874.8908,34110943.949,34101646.053,0.4,0.3867,12000,43075839.5,completed
tight,0.4,10000,4000,8,victim,2,0.042857142857142864,greedy,0,6,5000,0.9996,12700677.767,32871144.96054,33241029.974024005,33281780.596,690.4105,32870460.037580002,33281078.829,33271780.596,0.4,0.3867,12000,43075839.5,completed
tight,0.4,10000,4000,8,victim,3,0.042857142857142864,greedy,0,6,5000,0.9996,16754431.013,36929164.42975,37299798.143572,37339942.0,690.16,36928479.82545,37339250.724,37329942.0,0.4,0.3867,12000,43075839.5,completed
tight,0.4,10000,4000,8,victim,4,0.042857142857142864,greedy,0,6,5000,0.9994,12193481.958999999,38345638.041590005,38721992.968766,38762682.507,690.8935,38344948.33031,38761986.001,38752682.507,0.4,0.3867,12000,43075839.5,completed
tight,0.4,10000,4000,8,victim,5,0.042857142857142864,greedy,0,6,5000,0.9994,15522692.55,42666038.59361,43036715.207524,43076527.818,689.2655,42665339.321100004,43075839.485,43066527.818,0.4,0.3867,12000,43075839.5,completed
tight,0.4,10000,4000,8,victim,6,0.042857142857142864,greedy,0,6,5000,0.9994,14570113.23,42624840.64779,42994827.662929,43035649.68,689.4425000000001,42624156.25131,43034950.746,43025649.68,0.4,0.3867,12000,43075839.5,completed
tight,0.4,10000,4000,8,victim,7,0.042857142857142864,greedy,0,6,5000,0.9994,13458891.61,41246444.33591,41616349.684566006,41662813.839,690.9504999999999,41245751.36657,41655802.268,41652813.839,0.4,0.3867,12000,43075839.5,completed
tight,0.6,10000,6000,1,equal,0,0.6,equal,0,82,5000,1.0,15516359.208999999,29594282.338650003,29853301.684976,29882420.221,9430.5795,29584845.003310002,29865024.042,29872420.221,0.6,0.5902,8000,29865024.0,completed
tight,0.6,10000,6000,2,equal,0,0.3,equal,0,41,5000,0.9976,4011077.2145,27481600.9262,27574386.508433003,27589096.313,4716.960499999999,27476860.677780002,27580058.963,27579096.313,0.6,0.5974,8000,33869981.2,completed
tight,0.6,10000,6000,2,equal,1,0.3,equal,0,41,5000,0.9978,28612578.1295,33771330.45153,33864714.22524,33874688.738,4716.2035,33766608.08064,33869981.243,33864688.738,0.6,0.5974,8000,33869981.2,completed
tight,0.6,10000,6000,2,victim,0,0.1,victim,1,13,5000,1.0,46743030.5805,65070135.83579,65403545.155133,65442306.304,1494.816,65068640.49567,65440819.709,65432306.304,0.6,0.5895,8000,65440819.7,completed
tight,0.6,10000,6000,2,victim,1,0.5,greedy,0,67,5000,1.0,7757562.617000001,14804042.05697,14934429.881809002,14950371.269,7706.099,14796341.438970001,14935437.897,14940371.269,0.6,0.5895,8000,65440819.7,completed
tight,0.6,10000,6000,4,equal,0,0.15,equal,0,20,5000,0.9996,18029008.3505,33062488.68818,33340251.699772,33370357.73,2301.888,33060170.45977,33363880.205,33360357.73,0.6,0.5872,8000,33363880.2,completed
tight,0.6,10000,6000,4,equal,1,0.15,equal,0,20,5000,0.9994,8406841.649,29274687.471750002,29552412.112354,29582427.642,2297.9085,29272377.3926,29580120.301,29572427.642,0.6,0.5872,8000,33363880.2,completed
tight,0.6,10000,6000,4,equal,2,0.15,equal,0,20,5000,0.9996,12449505.9865,28597934.96816,28921613.050754003,28959221.758,2297.136,28596427.336420003,28957705.418,28949221.758,0.6,0.5872,8000,33363880.2,completed
tight,0.6,10000,6000,4,equal,3,0.15,equal,0,20,5000,0.9994,9581073.6305,26412903.38882,26690566.457007002,26720903.239,2288.53,26410616.99604,26718603.521,26710903.239,0.6,0.5872,8000,33363880.2,completed
tight,0.6,10000,6000,4,victim,0,0.1,victim,1,13,,,,,,,,,,,0.6,,8000,0.0,completed
tight,0.6,10000,6000,4,victim,1,0.16666666666666666,greedy,0,22,,,,,,,,,,,0.6,,8000,0.0,completed
tight,0.6,10000,6000,4,victim,2,0.16666666666666666,greedy,0,22,,,,,,,,,,,0.6,,8000,0.0,completed
tight,0.6,10000,6000,4,victim,3,0.16666666666666666,greedy,0,22,,,,,,,,,,,0.6,,8000,0.0,completed
tight,0.6,10000,6000,8,equal,0,0.075,equal,0,10,5000,0.9784,261536.69449999998,998133.2823200001,1079796.1295550007,1107529.996,743.7915,997354.7835900001,1103224.176,1097529.996,0.6,0.5922,8000,1132824.6,completed
tight,0.6,10000,6000,8,equal,1,0.075,equal,0,10,5000,0.9784,264930.68700000003,987792.65697,1079523.909513001,1116493.281,743.9325,987044.54628,1115725.709,1106493.281,0.6,0.5922,8000,1132824.6,completed
tight,0.6,10000,6000,8,equal,2,0.075,equal,0,10,5000,0.9782,255289.58500000002,992295.7096100005,1091914.6055140006,1132283.517,742.846,991528.8710400005,1131517.903,1122283.517,0.6,0.5922,8000,1132824.6,completed
tight,0.6,10000,6000,8,equal,3,0.075,equal,0,10,5000,0.9784,261127.41700000002,999601.5995200002,1099344.6803710002,1133567.456,744.0025,998863.8087000002,1132824.601,1123567.456,0.6,0.5922,8000,1132824.6,completed
tight,0.6,10000,6000,8,equal,4,0.075,equal,0,10,5000,0.9786,261531.6925,997895.3764000001,1088530.2009510007,1119804.072,743.6285,997147.7406800002,1119037.654,1109804.072,0.6,0.5922,8000,1132824.6,completed
tight,0.6,10000,6000,8,equal,5,0.075,equal,0,10,5000,0.9784,265035.772,988835.57432,1077511.9555930002,1105218.302,743.769,988096.05267,1104452.371,1095218.302,0.6,0.5922,8000,1132824.6,completed
tight,0.6,10000,6000,8,equal,6,0.075,equal,0,10,5000,0.9784,257780.24,988297.8252000009,1085661.802001,1122608.835,743.7785,987555.0754800009,1117744.469,1112608.835,0.6,0.5922,8000,1132824.6,completed
tight,0.6,10000,6000,8,equal,7,0.075,equal,0,10,5000,0.9784,260502.849,989055.0778400002,1082865.6203510014,1122290.038,743.8045,988309.7801200001,1121534.77,1112290.038,0.6,0.5922,8000,1132824.6,completed
tight,0.6,10000,6000,8,victim,0,0.1,victim,1,13,5000,0.9938,874620.803,3781723.418730001,4156426.950098002,4197537.872,960.208,3780761.256210001,4196573.288,4187537.872,0.6,0.5919,8000,4351556.9,completed
tight,0.6,10000,6000,8,victim,1,0.07142857142857142,greedy,0,10,5000,0.9936,891543.743,3747886.2167000016,4137135.118796002,4178147.099,740.01,3747145.0384800024,4177362.147,4168147.099,0.6,0.5919,8000,4351556.9,completed
tight,0.6,10000,6000,8,victim,2,0.07142857142857142,greedy,0,10,5000,0.9936,887672.916,3830371.076480002,4220772.103724002,4266821.762,740.072,3829558.718360002,4266021.217,4256821.762,0.6,0.5919,8000,4351556.9,completed
tight,0.6,10000,6000,8,victim,3,0.07142857142857142,greedy,0,10,5000,0.9938,924358.4084999999,3915517.896280002,4309988.453734001,4352315.108,739.8655,3914778.5848800023,4351556.914,4342315.108,0.6,0.5919,8000,4351556.9,completed
tight,0.6,10000,6000,8,victim,4,0.07142857142857142,greedy,0,10,5000,0.9938,919742.057,3871742.0018600007,4212285.624524002,4254505.639,739.8285,3871007.6530100005,4253743.484,4244505.639,0.6,0.5919,8000,4351556.9,completed
tight,0.6,10000,6000,8,victim,5,0.07142857142857142,greedy,0,10,5000,0.9938,911738.6955,3818128.2166600004,4043068.383098002,4089325.673,739.842,3817388.16214,4088573.185,4079325.673,0.6,0.5919,8000,4351556.9,completed
tight,0.6,10000,6000,8,victim,6,0.07142857142857142,greedy,0,10,5000,0.9936,902596.6135,3689158.4894000003,3959702.137977002,4001914.68,739.887,3688424.1628200007,4001171.499,3991914.68,0.6,0.5919,8000,4351556.9,completed
tight,0.6,10000,6000,8,victim,7,0.07142857142857142,greedy,0,10,5000,0.9936,897937.8765,3669488.03039,4046849.7387750014,4088976.299,740.024,3668738.71829,4088227.903,4078976.299,0.6,0.5919,8000,4351556.9,completed
tight,0.8,10000,8000,1,equal,0,0.8,equal,0,109,5000,1.0,595416.9345,1061902.2636000002,1069958.0695490001,1070815.163,8106.7835,1053807.66694,1060823.136,1060815.163,0.8,0.7982,4000,1060823.1,completed
tight,0.8,10000,8000,2,equal,0,0.4,equal,0,52,5000,0.616,271328.2325,14880995.94865,14993744.580093,15006361.944,4073.4065,14875045.1884,15000379.389,14996361.944,0.8,0.7902,4000,15000379.4,completed
tight,0.8,10000,8000,2,equal,1,0.4,equal,0,52,5000,0.616,350523.5455,5370016.67768,5483255.319108,5495979.073,3957.7574999999997,5364054.30796,5490028.191,5485979.073,0.8,0.7902,4000,15000379.4,completed
tight,0.8,10000,8000,2,victim,0,0.1,victim,1,13,5000,0.9966,37540726.795499995,57422300.14108,57788202.078088,57828808.152,1489.2945,57420803.75515,57827298.993,57818808.152,0.8,0.7975,4000,57827299.0,completed
tight,0.8,10000,8000,2,victim,1,0.7000000000000001,greedy,0,95,5000,0.9966,6257826.119,15200568.43356,15364687.238846,15382941.178,10896.089,15189667.6148,15368420.326,15372941.178,0.8,0.7975,4000,57827299.0,completed
tight,0.8,10000,8000,4,equal,0,0.2,equal,0,27,5000,0.9872,1713307.4679999999,14633480.72705,18264062.031045,18294035.929,3086.994,14630404.051160002,18288696.711,18284035.929,0.8,0.7955,4000,24310822.7,completed
tight,0.8,10000,8000,4,equal,1,0.2,equal,0,27,5000,0.9874,2899750.0775,20572112.25042,20845333.086820003,20876351.365,3085.9645,20569009.63585,20873252.245,20866351.365,0.8,0.7955,4000,24310822.7,completed
tight,0.8,10000,8000,4,equal,2,0.2,equal,0,27,5000,0.9874,2163880.8075,24009744.231700003,24282780.024535,24313942.363,3084.054,24006649.84452,24310822.707,24303942.363,0.8,0.7955,4000,24310822.7,completed
tight,0.8,10000,8000,4,equal,3,0.2,equal,0,27,5000,0.9874,1905416.1485000001,23658787.75795,23935066.739257,23965805.945,3089.2225,23655690.95343,23960484.287,23955805.945,0.8,0.7955,4000,24310822.7,completed
tight,0.8,10000,8000,4,victim,0,0.1,victim,1,13,,,,,,,,,,,0.8,,4000,0.0,completed
tight,0.8,10000,8000,4,victim,1,0.23333333333333336,greedy,0,31,,,,,,,,,,,0.8,,4000,0.0,completed
tight,0.8,10000,8000,4,victim,2,0.23333333333333336,greedy,0,31,,,,,,,,,,,0.8,,4000,0.0,completed
tight,0.8,10000,8000,4,victim,3,0.23333333333333336,greedy,0,31,,,,,,,,,,,0.8,,4000,0.0,completed
tight,0.8,10000,8000,8,equal,0,0.1,equal,0,13,5000,0.0248,2058.5085,18172.6116,28610.39399300016,37640.071,961.22,17203.886300000002,36614.701,27640.071,0.8,0.7793,4000,38721.2,completed
tight,0.8,10000,8000,8,equal,1,0.1,equal,0,13,5000,0.0236,975.2805,16608.937530000007,30865.558194000027,36850.333,962.451,15624.917930000003,35871.218,26850.333,0.8,0.7793,4000,38721.2,completed
tight,0.8,10000,8000,8,equal,2,0.1,equal,0,13,5000,0.0238,971.9169999999999,17274.5766,28923.79790000059,35451.709,962.123,16311.80479,34474.677,25451.709,0.8,0.7793,4000,38721.2,completed
tight,0.8,10000,8000,8,equal,3,0.1,equal,0,13,5000,0.0238,976.9445000000001,15997.919740000003,29731.03917200032,38757.85,965.6145,15037.364770000002,37599.678,28757.85,0.8,0.7793,4000,38721.2,completed
tight,0.8,10000,8000,8,equal,4,0.1,equal,0,13,5000,0.0238,1105.379,16065.946070000096,29448.137537000006,37505.39,964.6905,15095.4978500001,36528.579,27505.39,0.8,0.7793,4000,38721.2,completed
tight,0.8,10000,8000,8,equal,5,0.1,equal,0,13,5000,0.0238,1146.8545,16794.51545000016,28842.990756000534,37849.59,964.5665,15775.978680000171,36882.626,27849.59,0.8,0.7793,4000,38721.2,completed
tight,0.8,10000,8000,8,equal,6,0.1,equal,0,13,5000,0.0238,1223.7935,18303.138720000003,29536.716786000397,37595.469,967.923,17336.47272,36630.839,27595.469,0.8,0.7793,4000,38721.2,completed
tight,0.8,10000,8000,8,equal,7,0.1,equal,0,13,5000,0.0238,1339.217,18105.50881000007,30668.645983000642,39693.663,960.9114999999999,17138.29171000007,38721.238,29693.663,0.8,0.7793,4000,38721.2,completed
tight,0.8,10000,8000,8,victim,0,0.1,victim,1,13,5000,0.0056,2718.1459999999997,9182.04487,13257.044048000016,18051.222,962.05,8182.8394400000025,17085.202,8051.222,0.8,0.7756,4000,20716.2,completed
tight,0.8,10000,8000,8,victim,1,0.1,greedy,0,13,5000,0.0038,974.0715,6563.278400000001,14959.744818000077,16063.413,962.8235,5573.999730000006,15098.879,6063.413,0.8,0.7756,4000,20716.2,completed
tight,0.8,10000,8000,8,victim,2,0.1,greedy,0,13,5000,0.0038,972.211,6525.409800000012,15734.353040000078,16832.744,962.7445,5534.445680000007,15872.638,6832.744,0.8,0.7756,4000,20716.2,completed
tight,0.8,10000,8000,8,victim,3,0.1,greedy,0,13,5000,0.0052,1775.142,8418.89491,14342.640346000002,21686.495,968.0675,7396.515800000011,20716.16,11686.495,0.8,0.7756,4000,20716.2,completed
tight,0.8,10000,8000,8,victim,4,0.1,greedy,0,13,5000,0.0054,1792.6550000000002,8426.916580000003,14708.772966000453,19827.301,961.658,7375.78570000001,18859.849,9827.301,0.8,0.7756,4000,20716.2,completed
tight,0.8,10000,8000,8,victim,5,0.1,greedy,0,13,5000,0.0044,1360.8029999999999,5991.796020000005,12165.198869000245,19874.49,965.4365,4917.691850000017,16914.447,9874.49,0.8,0.7756,4000,20716.2,completed
tight,0.8,10000,8000,8,victim,6,0.1,greedy,0,13,5000,0.0046,976.46,5631.301970000002,14317.968189000027,17028.101,960.3375,4543.447260000016,16063.034,7028.101,0.8,0.7756,4000,20716.2,completed
tight,0.8,10000,8000,8,victim,7,0.1,greedy,0,13,5000,0.0046,1479.5749999999998,6133.83539000001,13055.186447000007,19437.346,965.0105,5147.663850000004,16455.017,9437.346,0.8,0.7756,4000,20716.2,completed
tight,0.94,10000,9400,1,equal,0,0.94,equal,0,126,5000,1.0,14622682.7535,27906289.98577,28150777.401304,28177613.762,14473.0885,27891807.635110002,28162305.415,28167613.762,0.94,0.9257,1200,28162305.4,completed
tight,0.94,10000,9400,2,equal,0,0.47,equal,0,63,5000,0.975,111427.91200000001,493655.47725000005,533619.159716,543444.371,4689.031,488935.34544000006,538020.002,533444.371,0.94,0.9376,1200,565344.8,completed
tight,0.94,10000,9400,2,equal,1,0.47,equal,0,63,5000,0.975,111134.006,492411.6986000003,545016.3740690011,570015.606,4689.2265,487730.4604400002,565344.792,560015.606,0.94,0.9376,1200,565344.8,completed
tight,0.94,10000,9400,2,victim,0,0.1,victim,1,13,5000,0.9666,136758.7085,587534.2228100003,632663.6677410002,652662.83,960.138,586574.5493200002,651098.886,642662.83,0.94,0.9379,1200,651098.9,completed
tight,0.94,10000,9400,2,victim,1,0.84,greedy,0,113,5000,0.9666,23775.370000000003,76487.3394,81546.78718700001,83496.94,8385.2025,68102.91923,74046.76,73496.94,0.94,0.9379,1200,651098.9,completed
tight,0.94,10000,9400,4,equal,0,0.235,equal,0,32,5000,0.9886,406759.4795,1777173.1369800002,1956174.5132970014,1993647.264,2370.749,1774814.02956,1991239.551,1983647.264,0.94,0.9355,1200,2017401.8,completed
tight,0.94,10000,9400,4,equal,1,0.235,equal,0,32,5000,0.9886,414975.49600000004,1793773.98293,1933533.3177320005,1951156.808,2369.7039999999997,1791413.55907,1948749.837,1941156.808,0.94,0.9355,1200,2017401.8,completed
tight,0.94,10000,9400,4,equal,2,0.235,equal,0,32,5000,0.9888,413992.8895,1802964.1863100003,1982832.8413830015,2020365.891,2370.0365,1800603.2307000002,2017401.802,2010365.891,0.94,0.9355,1200,2017401.8,completed
tight,0.94,10000,9400,4,equal,3,0.235,equal,0,32,5000,0.9886,410740.8175,1752089.8410500013,1930696.5175950015,1968155.734,2370.5875,1749728.9931100013,1965214.087,1958155.734,0.94,0.9355,1200,2017401.8,completed
tight,0.94,10000,9400,4,victim,0,0.1,victim,1,13,5000,0.9778,253927.635,938162.8489400003,1020630.402107001,1047716.888,960.1415,937194.6182200004,1046752.759,1037716.888,0.94,0.9357,1200,1046752.8,completed
tight,0.94,10000,9400,4,victim,1,0.27999999999999997,greedy,0,38,5000,0.9778,198136.0725,736159.0555199999,805236.7081700001,827431.61,2809.1859999999997,733251.7849000001,824606.696,817431.61,0.94,0.9357,1200,1046752.8,completed
tight,0.94,10000,9400,4,victim,2,0.27999999999999997,greedy,0,38,5000,0.978,199247.788,741375.7402000001,812542.9854440006,836154.171,2809.636,738553.9180200001,833350.803,826154.171,0.94,0.9357,1200,1046752.8,completed
tight,0.94,10000,9400,4,victim,3,0.27999999999999997,greedy,0,38,5000,0.9778,200057.47850000003,742276.4104800001,802931.9973850007,817308.945,2809.0564999999997,739473.3167399999,814496.042,807308.945,0.94,0.9357,1200,1046752.8,completed
tight,0.94,10000,9400,8,equal,0,0.1175,equal,0,16,5000,0.9886,503161.8765,2128322.1394100003,2338464.957392002,2382475.286,1183.06,2127141.85844,2381285.923,2372475.286,0.94,0.9318,1200,2387818.0,completed
tight,0.94,10000,9400,8,equal,1,0.1175,equal,0,16,5000,0.9886,495342.09349999996,2084714.8803400008,2306530.002263002,2350090.228,1183.408,2083518.7854700007,2348907.11,2340090.228,0.94,0.9318,1200,2387818.0,completed
tight,0.94,10000,9400,8,equal,2,0.1175,equal,0,16,5000,0.9888,511859.41949999996,2118020.6840500007,2346220.0624390016,2389001.958,1183.4285,2116816.6448400007,2387817.954,2379001.958,0.94,0.9318,1200,2387818.0,completed
tight,0.94,10000,9400,8,equal,3,0.1175,equal,0,16,5000,0.9886,500926.02,2093861.6089400006,2259719.1437430014,2303295.96,1182.7325,2092661.9178700007,2302112.913,2293295.96,0.94,0.9318,1200,2387818.0,completed
tight,0.94,10000,9400,8,equal,4,0.1175,equal,0,16,5000,0.9886,499094.5255,2064078.1540500007,2278432.1100580017,2322209.977,1182.5315,2062885.529200001,2321027.175,2312209.977,0.94,0.9318,1200,2387818.0,completed
tight,0.94,10000,9400,8,equal,5,0.1175,equal,0,16,5000,0.9886,492014.108,2102926.34438,2323926.508965002,2367954.555,1183.767,2101746.2860000003,2366768.446,2357954.555,0.94,0.9318,1200,2387818.0,completed
tight,0.94,10000,9400,8,equal,6,0.1175,equal,0,16,5000,0.9886,503037.57149999996,2115161.0325200013,2289117.235095,2324853.86,1183.6685,2113980.5819300013,2323661.748,2314853.86,0.94,0.9318,1200,2387818.0,completed
tight,0.94,10000,9400,8,equal,7,0.1175,equal,0,16,5000,0.9886,497079.92299999995,2071866.04499,2299023.462226002,2341811.139,1183.4054999999998,2070660.9438200002,2340628.077,2331811.139,0.94,0.9318,1200,2387818.0,completed
tight,0.94,10000,9400,8,victim,0,0.1,victim,1,13,5000,0.9548,107531.6325,354696.5367300002,388444.72527600016,398410.516,962.9895,353736.9340600002,397416.572,388410.516,0.94,0.932,1200,397416.6,completed
tight,0.94,10000,9400,8,victim,1,0.12,greedy,0,16,5000,0.9548,104665.21849999999,348033.91486,383085.361327,389083.593,1186.3525,346848.38387,387889.079,379083.593,0.94,0.932,1200,397416.6,completed
tight,0.94,10000,9400,8,victim,2,0.12,greedy,0,16,5000,0.9548,103694.92850000001,345493.60366,382537.36179400014,389602.281,1186.6475,344301.29741,387420.087,379602.281,0.94,0.932,1200,397416.6,completed
tight,0.94,10000,9400,8,victim,3,0.12,greedy,0,16,5000,0.9544,103420.2335,344329.5002800001,379535.9406180001,387573.148,1186.59,343148.3966400001,386369.077,377573.148,0.94,0.932,1200,397416.6,completed
tight,0.94,10000,9400,8,victim,4,0.12,greedy,0,16,5000,0.9548,103422.219,343437.4182300002,378587.564561,386088.591,1186.6005,342245.3967900001,384901.426,376088.591,0.94,0.932,1200,397416.6,completed
tight,0.94,10000,9400,8,victim,5,0.12,greedy,0,16,5000,0.9548,103738.2145,344755.83271000005,377812.75650400046,387914.65,1186.619,343560.84448,386729.224,377914.65,0.94,0.932,1200,397416.6,completed
tight,0.94,10000,9400,8,victim,6,0.12,greedy,0,16,5000,0.9548,103597.628,348089.9329200001,382864.06237700005,387369.628,1186.487,346900.1710100001,385456.79,377369.628,0.94,0.932,1200,397416.6,completed
tight,0.94,10000,9400,8,victim,7,0.12,greedy,0,16,5000,0.9548,104059.265,349351.91288,384169.99737700005,389343.672,1186.6019999999999,348139.93140999996,388134.607,379343.672,0.94,0.932,1200,397416.6,completed
