instance_id,job_id,frame_idx,release_ns,start_ns,end_ns,cpu_ns,response_ns,wait_ns,lateness_ns,deadline_met,skipped,warmup
instance0,0,0,11951229896928,11951230140275,11951244859385,14684766,14962457,243347,-26704543,1,0,0
instance0,1,1,11951271563928,11951271769561,11951286395492,14593073,14831564,205633,-26835436,1,0,0
instance0,2,2,11951313230928,11951313421416,11951328472189,15020759,15241261,190488,-26425739,1,0,0
instance0,3,3,11951354897928,11951355086708,11951369713492,14595167,14815564,188780,-26851436,1,0,0
instance0,4,4,11951396564928,11951396764611,11951411788410,14992228,15223482,199683,-26443518,1,0,0
instance0,5,5,11951438231928,11951438567093,11951453637602,15039055,15405674,335165,-26261326,1,0,0
instance0,6,6,11951479898928,11951480098091,11951495424300,15294307,15525372,199163,-26141628,1,0,0
instance0,7,7,11951521565928,11951521785135,11951536898211,15080763,15332283,219207,-26334717,1,0,0
instance0,8,8,11951563232928,11951563429831,11951578643289,15181839,15410361,196903,-26256639,1,0,0
instance0,9,9,11951604899928,11951605104881,11951620046773,14911529,15146845,204953,-26520155,1,0,0
instance0,10,10,11951646566928,11951646761359,11951661789779,14997485,15222851,194431,-26444149,1,0,0
instance0,11,11,11951688233928,11951688546374,11951703411341,14834253,15177413,312446,-26489587,1,0,0
instance0,12,12,11951729900928,11951730091849,11951745252112,15128757,15351184,190921,-26315816,1,0,0
instance0,13,13,11951771567928,11951771756864,11951786548903,14761690,14980975,188936,-26686025,1,0,0
instance0,14,14,11951813234928,11951813423268,11951828185308,14733249,14950380,188340,-26716620,1,0,0
instance0,15,15,11951854901928,11951854974218,11951869781299,14777036,14879371,72290,-26787629,1,0,0
instance0,16,16,11951896568928,11951896765533,11951911820815,15024713,15251887,196605,-26415113,1,0,0
instance0,17,17,11951938235928,11951938511356,11951953223050,14682466,14987122,275428,-26679878,1,0,0
instance0,18,18,11951979902928,11951980102601,11951995312538,15178169,15409610,199673,-26257390,1,0,0
instance0,19,19,11952021569928,11952021803291,11952036630541,14796067,15060613,233363,-26606387,1,0,0
instance0,20,20,11952063236928,11952063427170,11952078478715,15021909,15241787,190242,-26425213,1,0,0
instance0,21,21,11952104903928,11952105098229,11952120188959,15059837,15285031,194301,-26381969,1,0,0
instance0,22,22,11952146570928,11952146805133,11952162142707,15306618,15571779,234205,-26095221,1,0,0
instance0,23,23,11952188237928,11952188434967,11952203249609,14785388,15011681,197039,-26655319,1,0,0
instance0,24,24,11952229904928,11952230146049,11952244909638,14737051,15004710,241121,-26662290,1,0,0
instance0,25,25,11952271571928,11952271832661,11952286158015,14300175,14586087,260733,-27080913,1,0,0
instance0,26,26,11952313238928,11952313422497,11952327895783,14447083,14656855,183569,-27010145,1,0,0
instance0,27,27,11952354905928,11952355094758,11952369541508,14419507,14635580,188830,-27031420,1,0,0
instance0,28,28,11952396572928,11952396764107,11952411458931,14665207,14886003,191179,-26780997,1,0,0
instance0,29,29,11952438239928,11952438434681,11952452959059,14494696,14719131,194753,-26947869,1,0,0
instance0,30,30,11952479906928,11952480148168,11952494829001,14651734,14922073,241240,-26744927,1,0,0
instance0,31,31,11952521573928,11952521766227,11952536616545,14817990,15042617,192299,-26624383,1,0,0
instance0,32,32,11952563240928,11952563469793,11952578453232,14951246,15212304,228865,-26454696,1,0,0
instance0,33,33,11952604907928,11952605096029,11952619934703,14809665,15026775,188101,-26640225,1,0,0
instance0,34,34,11952646574928,11952646781019,11952660261706,13452012,13686778,206091,-27980222,1,0,0
instance0,35,35,11952688241928,11952688476752,11952701905010,13399759,13663082,234824,-28003918,1,0,0
instance0,36,36,11952729908928,11952730125466,11952743292749,13142768,13383821,216538,-28283179,1,0,0
instance0,37,37,11952771575928,11952771843086,11952785466323,13591557,13890395,267158,-27776605,1,0,0
instance0,38,38,11952813242928,11952813432275,11952827186204,13723529,13943276,189347,-27723724,1,0,0
instance0,39,39,11952854909928,11952855104028,11952868842566,13709143,13932638,194100,-27734362,1,0,0
instance0,40,40,11952896576928,11952896648189,11952910465909,13786104,13888981,71261,-27778019,1,0,0
instance0,41,41,11952938243928,11952938426449,11952951819953,13365907,13576025,182521,-28090975,1,0,0
instance0,42,42,11952979910928,11952980098513,11952993624882,13498189,13713954,187585,-27953046,1,0,0
instance0,43,43,11953021577928,11953021810682,11953035034753,13196350,13456825,232754,-28210175,1,0,0
instance0,44,44,11953063244928,11953063438637,11953076807950,13340532,13563022,193709,-28103978,1,0,0
instance0,45,45,11953104911928,11953105141848,11953118688307,13516711,13776379,229920,-27890621,1,0,0
instance0,46,46,11953146578928,11953146825843,11953160454565,13598341,13875637,246915,-27791363,1,0,0
instance0,47,47,11953188245928,11953188443031,11953202206817,13733320,13960889,197103,-27706111,1,0,0
instance0,48,48,11953229912928,11953230161341,11953243928987,13736395,14016059,248413,-27650941,1,0,0
instance0,49,49,11953271579928,11953271794676,11953285544817,13718950,13964889,214748,-27702111,1,0,0
instance0,50,50,11953313246928,11953313478130,11953327014074,13499512,13767146,231202,-27899854,1,0,0
instance0,51,51,11953354913928,11953355128703,11953368840267,13680389,13926339,214775,-27740661,1,0,0
instance0,52,52,11953396580928,11953396655616,11953410312555,13624993,13731627,74688,-27935373,1,0,0
instance0,53,53,11953438247928,11953438445922,11953452135125,13659263,13887197,197994,-27779803,1,0,0
instance0,54,54,11953479914928,11953480110163,11953493632635,13492565,13717707,195235,-27949293,1,0,0
instance0,55,55,11953521581928,11953521779580,11953535387006,13577544,13805078,197652,-27861922,1,0,0
instance0,56,56,11953563248928,11953563443188,11953576699341,13230549,13450413,194260,-28216587,1,0,0
instance0,57,57,11953604915928,11953605113648,11953618275639,13135193,13359711,197720,-28307289,1,0,0
instance0,58,58,11953646582928,11953646778968,11953660237456,13430674,13654528,196040,-28012472,1,0,0
instance0,59,59,11953688249928,11953688435080,11953701631625,13168283,13381697,185152,-28285303,1,0,0
instance0,60,60,11953729916928,11953730141294,11953743244671,13078702,13327743,224366,-28339257,1,0,0
instance0,61,61,11953771583928,11953771852282,11953784775471,12893240,13191543,268354,-28475457,1,0,0
instance0,62,62,11953813250928,11953813529817,11953826727174,13169625,13476246,278889,-28190754,1,0,0
instance0,63,63,11953854917928,11953854980884,11953867928486,12919560,13010558,62956,-28656442,1,0,0
instance0,64,64,11953896584928,11953896768351,11953910230375,13431954,13645447,183423,-28021553,1,0,0
instance0,65,65,11953938251928,11953938320362,11953951242431,12893518,12990503,68434,-28676497,1,0,0
instance0,66,66,11953979918928,11953980112297,11953992974960,12834143,13056032,193369,-28610968,1,0,0
instance0,67,67,11954021585928,11954021800131,11954035243423,13412779,13657495,214203,-28009505,1,0,0
instance0,68,68,11954063252928,11954063487624,11954076760128,13242095,13507200,234696,-28159800,1,0,0
instance0,69,69,11954104919928,11954105113779,11954118478567,13332962,13558639,193851,-28108361,1,0,0
instance0,70,70,11954146586928,11954146786285,11954160019371,13195754,13432443,199357,-28234557,1,0,0
instance0,71,71,11954188253928,11954188447822,11954201566586,13088877,13312658,193894,-28354342,1,0,0
instance0,72,72,11954229920928,11954230109468,11954243198474,13060768,13277546,188540,-28389454,1,0,0
instance0,73,73,11954271587928,11954271784358,11954284770164,12955859,13182236,196430,-28484764,1,0,0
instance0,74,74,11954313254928,11954313446464,11954326131355,12657520,12876427,191536,-28790573,1,0,0
instance0,75,75,11954354921928,11954355116278,11954367953711,12808845,13031783,194350,-28635217,1,0,0
instance0,76,76,11954396588928,11954396777967,11954409616958,12810915,13028030,189039,-28638970,1,0,0
instance0,77,77,11954438255928,11954438493133,11954451222537,12701969,12966609,237205,-28700391,1,0,0
instance0,78,78,11954479922928,11954480121087,11954492828237,12678032,12905309,198159,-28761691,1,0,0
instance0,79,79,11954521589928,11954521786627,11954534289952,12477411,12700024,196699,-28966976,1,0,0
instance0,80,80,11954563256928,11954563436307,11954576017405,12547957,12760477,179379,-28906523,1,0,0
instance0,81,81,11954604923928,11954605116581,11954617639253,12494276,12715325,192653,-28951675,1,0,0
instance0,82,82,11954646590928,11954646795207,11954659633928,12810043,13043000,204279,-28624000,1,0,0
instance0,83,83,11954688257928,11954688464777,11954701127066,12633467,12869138,206849,-28797862,1,0,0
instance0,84,84,11954729924928,11954730117292,11954742675235,12530206,12750307,192364,-28916693,1,0,0
instance0,85,85,11954771591928,11954771805225,11954784247103,12415713,12655175,213297,-29011825,1,0,0
instance0,86,86,11954813258928,11954813451875,11954826293157,12812043,13034229,192947,-28632771,1,0,0
instance0,87,87,11954854925928,11954855125972,11954868231637,13074735,13305709,200044,-28361291,1,0,0
instance0,88,88,11954896592928,11954896795809,11954909753639,12926803,13160711,202881,-28506289,1,0,0
instance0,89,89,11954938259928,11954938486625,11954951050760,12536715,12790832,226697,-28876168,1,0,0
instance0,90,90,11954979926928,11954980135792,11954992853360,12688555,12926432,208864,-28740568,1,0,0
instance0,91,91,11955021593928,11955021785468,11955034702616,12887486,13108688,191540,-28558312,1,0,0
instance0,92,92,11955063260928,11955063482759,11955076610088,13097305,13349160,221831,-28317840,1,0,0
instance0,93,93,11955104927928,11955105119535,11955118196219,13046640,13268291,191607,-28398709,1,0,0
instance0,94,94,11955146594928,11955146784120,11955159834720,13019637,13239792,189192,-28427208,1,0,0
instance0,95,95,11955188261928,11955188472188,11955201499450,12997604,13237522,210260,-28429478,1,0,0
instance0,96,96,11955229928928,11955230134787,11955245092309,14925012,15163381,205859,-26503619,1,0,0
instance0,97,97,11955271595928,11955271786375,11955286238104,14423189,14642176,190447,-27024824,1,0,0
instance0,98,98,11955313262928,11955313468477,11955328534268,15034683,15271340,205549,-26395660,1,0,0
instance0,99,99,11955354929928,11955355149690,11955369960625,14781267,15030697,219762,-26636303,1,0,0
instance0,100,100,11955396596928,11955396809836,11955412021430,15173215,15424502,212908,-26242498,1,0,0
instance0,101,101,11955438263928,11955438513735,11955453511420,14966738,15247492,249807,-26419508,1,0,0
instance0,102,102,11955479930928,11955480158172,11955494708885,14521777,14777957,227244,-26889043,1,0,0
instance0,103,103,11955521597928,11955521831883,11955536842486,14980494,15244558,233955,-26422442,1,0,0
instance0,104,104,11955563264928,11955563450322,11955577465497,13984419,14200569,185394,-27466431,1,0,0
instance0,105,105,11955604931928,11955605124802,11955618707717,13552565,13775789,192874,-27891211,1,0,0
instance0,106,106,11955646598928,11955646779423,11955660296293,13488764,13697365,180495,-27969635,1,0,0
instance0,107,107,11955688265928,11955688457974,11955701853493,13365893,13587565,192046,-28079435,1,0,0
instance0,108,108,11955729932928,11955730125852,11955743775680,13622263,13842752,192924,-27824248,1,0,0
instance0,109,109,11955771599928,11955771859417,11955784959433,13070746,13359505,259489,-28307495,1,0,0
instance0,110,110,11955813266928,11955813460195,11955827364335,13872731,14097407,193267,-27569593,1,0,0
instance0,111,111,11955854933928,11955855193915,11955868859948,13632992,13926020,259987,-27740980,1,0,0
instance0,112,112,11955896600928,11955896792379,11955909993331,13170080,13392403,191451,-28274597,1,0,0
instance0,113,113,11955938267928,11955938481046,11955951676412,13165062,13408484,213118,-28258516,1,0,0
instance0,114,114,11955979934928,11955980131431,11955994007351,13838393,14072423,196503,-27594577,1,0,0
instance0,115,115,11956021601928,11956021797063,11956035496951,13669910,13895023,195135,-27771977,1,0,0
instance0,116,116,11956063268928,11956063492757,11956077268389,13744020,13999461,223829,-27667539,1,0,0
instance0,117,117,11956104935928,11956105129489,11956119244501,14085339,14308573,193561,-27358427,1,0,0
instance0,118,118,11956146602928,11956146805344,11956160864188,14027457,14261260,202416,-27405740,1,0,0
instance0,119,119,11956188269928,11956188493704,11956202974100,14449948,14704172,223776,-26962828,1,0,0
instance0,120,120,11956229936928,11956230137596,11956242901673,12736959,12964745,200668,-28702255,1,0,0
instance0,121,121,11956271603928,11956271803929,11956284742493,12908750,13138565,200001,-28528435,1,0,0
instance0,122,122,11956313270928,11956313528665,11956326516904,12957989,13245976,257737,-28421024,1,0,0
instance0,123,123,11956354937928,11956355151474,11956367892506,12711881,12954578,213546,-28712422,1,0,0
instance0,124,124,11956396604928,11956396796218,11956409519522,12695786,12914594,191290,-28752406,1,0,0
instance0,125,125,11956438271928,11956438459726,11956450892534,12405863,12620606,187798,-29046394,1,0,0
instance0,126,126,11956479938928,11956480182975,11956493177000,12964403,13238072,244047,-28428928,1,0,0
instance0,127,127,11956521605928,11956521680157,11956534675974,12966357,13070046,74229,-28596954,1,0,0
instance0,128,128,11956563272928,11956563344257,11956576284101,12909401,13011173,71329,-28655827,1,0,0
instance0,129,129,11956604939928,11956605120401,11956617456281,12309582,12516353,180473,-29150647,1,0,0
instance0,130,130,11956646606928,11956646786460,11956659240717,12428003,12633789,179532,-29033211,1,0,0
instance0,131,131,11956688273928,11956688456404,11956701026667,12543395,12752739,182476,-28914261,1,0,0
instance0,132,132,11956729940928,11956730027177,11956743107263,13048738,13166335,86249,-28500665,1,0,0
instance0,133,133,11956771607928,11956771673702,11956784244080,12542295,12636152,65774,-29030848,1,0,0
instance0,134,134,11956813274928,11956813341862,11956826149680,12781216,12874752,66934,-28792248,1,0,0
instance0,135,135,11956854941928,11956855151077,11956867568839,12390611,12626911,209149,-29040089,1,0,0
instance0,136,136,11956896608928,11956896682064,11956909738449,13025097,13129521,73136,-28537479,1,0,0
instance0,137,137,11956938275928,11956938530218,11956951585934,13026383,13310006,254290,-28356994,1,0,0
instance0,138,138,11956979942928,11956980175832,11956993170992,12964004,13228064,232904,-28438936,1,0,0
instance0,139,139,11957021609928,11957021803854,11957035097755,13262014,13487827,193926,-28179173,1,0,0
instance0,140,140,11957063276928,11957063470585,11957076718863,13216405,13441935,193657,-28225065,1,0,0
instance0,141,141,11957104943928,11957105206725,11957118360358,13122281,13416430,262797,-28250570,1,0,0
instance0,142,142,11957146610928,11957146847951,11957159943640,13066677,13332712,237023,-28334288,1,0,0
instance0,143,143,11957188277928,11957188464591,11957201475784,12981759,13197856,186663,-28469144,1,0,0
instance0,144,144,11957229944928,11957230200517,11957243656187,13425528,13711259,255589,-27955741,1,0,0
instance0,145,145,11957271611928,11957271792533,11957284862276,13041907,13250348,180605,-28416652,1,0,0
instance0,146,146,11957313278928,11957313477367,11957327528312,14019883,14249384,198439,-27417616,1,0,0
instance0,147,147,11957354945928,11957355137212,11957368942761,13776134,13996833,191284,-27670167,1,0,0
instance0,148,148,11957396612928,11957396815843,11957411173791,14329231,14560863,202915,-27106137,1,0,0
instance0,149,149,11957438279928,11957438518186,11957452969862,14421864,14689934,238258,-26977066,1,0,0
instance0,150,150,11957479946928,11957480145063,11957494824272,14648784,14877344,198135,-26789656,1,0,0
instance0,151,151,11957521613928,11957521807696,11957536944757,15105893,15330829,193768,-26336171,1,0,0
instance0,152,152,11957563280928,11957563527867,11957578745077,15184186,15464149,246939,-26202851,1,0,0
instance0,153,153,11957604947928,11957605162094,11957620394101,15203503,15446173,214166,-26220827,1,0,0
instance0,154,154,11957646614928,11957646822326,11957662944500,16091041,16329572,207398,-25337428,1,0,0
instance0,155,155,11957688281928,11957688478177,11957704641339,16131422,16359411,196249,-25307589,1,0,0
instance0,156,156,11957729948928,11957730195159,11957746533296,16306905,16584368,246231,-25082632,1,0,0
instance0,157,157,11957771615928,11957771821918,11957788503227,16650181,16887299,205990,-24779701,1,0,0
instance0,158,158,11957813282928,11957813489157,11957830857257,17335928,17574329,206229,-24092671,1,0,0
instance0,159,159,11957854949928,11957855038149,11957872543560,17474982,17593632,88221,-24073368,1,0,0
instance0,160,160,11957896616928,11957896849302,11957914560285,17679184,17943357,232374,-23723643,1,0,0
instance0,161,161,11957938283928,11957938355433,11957956060938,17676202,17777010,71505,-23889990,1,0,0
instance0,162,162,11957979950928,11957980158130,11957998548637,18359742,18597709,207202,-23069291,1,0,0
instance0,163,163,11958021617928,11958021823841,11958040291205,18436856,18673277,205913,-22993723,1,0,0
instance0,164,164,11958063284928,11958063472304,11958082530939,19026122,19246011,187376,-22420989,1,0,0
instance0,165,165,11958104951928,11958105132605,11958124186885,19026507,19234957,180677,-22432043,1,0,0
instance0,166,166,11958146618928,11958146874988,11958166309251,19403073,19690323,256060,-21976677,1,0,0
instance0,167,167,11958188285928,11958188478944,11958208322486,19813961,20036558,193016,-21630442,1,0,0
instance0,168,168,11958229952928,11958230193311,11958250211162,19989311,20258234,240383,-21408766,1,0,0
instance0,169,169,11958271619928,11958271807624,11958292303321,20466360,20683393,187696,-20983607,1,0,0
instance0,170,170,11958313286928,11958313484627,11958334621017,21105381,21334089,197699,-20332911,1,0,0
instance0,171,171,11958354953928,11958355171811,11958376452169,21249906,21498241,217883,-20168759,1,0,0
instance0,172,172,11958396620928,11958396857863,11958418461270,21573838,21840342,236935,-19826658,1,0,0
instance0,173,173,11958438287928,11958438473337,11958460173388,21670410,21885460,185409,-19781540,1,0,0
instance0,174,174,11958479954928,11958480169925,11958502510621,22310172,22555693,214997,-19111307,1,0,0
instance0,175,175,11958521621928,11958521692358,11958543927702,22202163,22305774,70430,-19361226,1,0,0
instance0,176,176,11958563288928,11958563486824,11958585928859,22410906,22639931,197896,-19027069,1,0,0
instance0,177,177,11958604955928,11958605143781,11958626904255,21730242,21948327,187853,-19718673,1,0,0
instance0,178,178,11958646622928,11958646860107,11958669426812,22533870,22803884,237179,-18863116,1,0,0
instance0,179,179,11958688289928,11958688490684,11958710847627,22324816,22557699,200756,-19109301,1,0,0
instance0,180,180,11958729956928,11958730248136,11958752487650,22209510,22530722,291208,-19136278,1,0,0
instance0,181,181,11958771623928,11958771812223,11958794126006,22282226,22502078,188295,-19164922,1,0,0
instance0,182,182,11958813290928,11958813491081,11958835861106,22339086,22570178,200153,-19096822,1,0,0
instance0,183,183,11958854957928,11958855152917,11958877288290,22106260,22330362,194989,-19336638,1,0,0
instance0,184,184,11958896624928,11958896653950,11958918527913,21855269,21902985,29022,-19764015,1,0,0
instance0,185,185,11958938291928,11958938325157,11958960225639,21883579,21933711,33229,-19733289,1,0,0
instance0,186,186,11958979958928,11958979987225,11959001901872,21896123,21942944,28297,-19724056,1,0,0
instance0,187,187,11959021625928,11959021654932,11959043531632,21858975,21905704,29004,-19761296,1,0,0
instance0,188,188,11959063292928,11959063322363,11959085577021,22236625,22284093,29435,-19382907,1,0,0
instance0,189,189,11959104959928,11959104987815,11959126908433,21902020,21948505,27887,-19718495,1,0,0
instance0,190,190,11959146626928,11959146654692,11959168584693,21913218,21957765,27764,-19709235,1,0,0
instance0,191,191,11959188293928,11959188322682,11959209411711,21071500,21117783,28754,-20549217,1,0,0
instance0,192,192,11959229960928,11959229989567,11959250684634,20678555,20723706,28639,-20943294,1,0,0
instance0,193,193,11959271627928,11959271654165,11959291485613,19813594,19857685,26237,-21809315,1,0,0
instance0,194,194,11959313294928,11959313325563,11959332890582,19547082,19595654,30635,-22071346,1,0,0
instance0,195,195,11959354961928,11959354990098,11959374185964,19180096,19224036,28170,-22442964,1,0,0
instance0,196,196,11959396628928,11959396656659,11959415303786,18631372,18674858,27731,-22992142,1,0,0
instance0,197,197,11959438295928,11959438325069,11959456701430,18358723,18405502,29141,-23261498,1,0,0
instance0,198,198,11959479962928,11959479990460,11959497637135,17630128,17674207,27532,-23992793,1,0,0
instance0,199,199,11959521629928,11959521657374,11959538857779,17182283,17227851,27446,-24439149,1,0,0
instance0,200,200,11959563296928,11959563325345,11959579997706,16656531,16700778,28417,-24966222,1,0,0
instance0,201,201,11959604963928,11959604991484,11959620967987,15961292,16004059,27556,-25662941,1,0,0
instance0,202,202,11959646630928,11959646831885,11959663335612,16473120,16704684,200957,-24962316,1,0,0
instance0,203,203,11959688297928,11959688485227,11959704520367,16002337,16222439,187299,-25444561,1,0,0
instance0,204,204,11959729964928,11959730176228,11959745782066,15573884,15817138,211300,-25849862,1,0,0
instance0,205,205,11959771631928,11959771821691,11959787221030,15366339,15589102,189763,-26077898,1,0,0
instance0,206,206,11959813298928,11959813485027,11959828354986,14839426,15056058,186099,-26610942,1,0,0
instance0,207,207,11959854965928,11959855163542,11959869813622,14617953,14847694,197614,-26819306,1,0,0
instance0,208,208,11959896632928,11959896860707,11959911238988,14347775,14606060,227779,-27060940,1,0,0
instance0,209,209,11959938299928,11959938502677,11959952495745,13961328,14195817,202749,-27471183,1,0,0
instance0,210,210,11959979966928,11959980242017,11959993960920,13686975,13993992,275089,-27673008,1,0,0
instance0,211,211,11960021633928,11960021901536,11960035388214,13455776,13754286,267608,-27912714,1,0,0
instance0,212,212,11960063300928,11960063495366,11960076866476,13339452,13565548,194438,-28101452,1,0,0
instance0,213,213,11960104967928,11960105223737,11960118574859,13319784,13606931,255809,-28060069,1,0,0
instance0,214,214,11960146634928,11960146831872,11960159953565,13091840,13318637,196944,-28348363,1,0,0
instance0,215,215,11960188301928,11960188502540,11960201557652,13023974,13255724,200612,-28411276,1,0,0
instance0,216,216,11960229968928,11960230168728,11960243221617,13021793,13252689,199800,-28414311,1,0,0
instance0,217,217,11960271635928,11960271844747,11960284743993,12868467,13108065,208819,-28558935,1,0,0
instance0,218,218,11960313302928,11960313551744,11960326843830,13261740,13540902,248816,-28126098,1,0,0
instance0,219,219,11960354969928,11960355166292,11960368173801,12976540,13203873,196364,-28463127,1,0,0
instance0,220,220,11960396636928,11960396834180,11960410272829,13407620,13635901,197252,-28031099,1,0,0
instance0,221,221,11960438303928,11960438541747,11960451708666,13134973,13404738,237819,-28262262,1,0,0
instance0,222,222,11960479970928,11960480228199,11960493539884,13281053,13568956,257271,-28098044,1,0,0
instance0,223,223,11960521637928,11960521832665,11960534941446,13075878,13303518,194737,-28363482,1,0,0
instance0,224,224,11960563304928,11960563496441,11960576657227,13129849,13352299,191513,-28314701,1,0,0
instance0,225,225,11960604971928,11960605184044,11960618270942,13055512,13299014,212116,-28367986,1,0,0
instance0,226,226,11960646638928,11960646828953,11960660284088,13422986,13645160,190025,-28021840,1,0,0
instance0,227,227,11960688305928,11960688536500,11960701599702,13030007,13293774,230572,-28373226,1,0,0
instance0,228,228,11960729972928,11960730162845,11960743482248,13289119,13509320,189917,-28157680,1,0,0
instance0,229,229,11960771639928,11960771836241,11960785132905,13264372,13492977,196313,-28174023,1,0,0
instance0,230,230,11960813306928,11960813517685,11960826672626,13124805,13365698,210757,-28301302,1,0,0
instance0,231,231,11960854973928,11960855168374,11960868617018,13418323,13643090,194446,-28023910,1,0,0
instance0,232,232,11960896640928,11960896861306,11960910597190,13704948,13956262,220378,-27710738,1,0,0
instance0,233,233,11960938307928,11960938501962,11960951871642,13340171,13563714,194034,-28103286,1,0,0
instance0,234,234,11960979974928,11960980174846,11960994153817,13949243,14178889,199918,-27488111,1,0,0
instance0,235,235,11961021641928,11961021867751,11961035804699,13906783,14162771,225823,-27504229,1,0,0
instance0,236,236,11961063308928,11961063524093,11961078050545,14496975,14741617,215165,-26925383,1,0,0
instance0,237,237,11961104975928,11961105172455,11961119830065,14627676,14854137,196527,-26812863,1,0,0
instance0,238,238,11961146642928,11961146835764,11961161671807,14805263,15028879,192836,-26638121,1,0,0
instance0,239,239,11961188309928,11961188527054,11961203714442,15155802,15404514,217126,-26262486,1,0,0
instance0,240,240,11961229976928,11961230239577,11961245538840,15268512,15561912,262649,-26105088,1,0,0
instance0,241,241,11961271643928,11961271832957,11961287153606,15291113,15509678,189029,-26157322,1,0,0
instance0,242,242,11961313310928,11961313503499,11961329577412,16041929,16266484,192571,-25400516,1,0,0
instance0,243,243,11961354977928,11961355200702,11961371158593,15926266,16180665,222774,-25486335,1,0,0
instance0,244,244,11961396644928,11961396835237,11961413278832,16411475,16633904,190309,-25033096,1,0,0
instance0,245,245,11961438311928,11961438510516,11961455166817,16626209,16854889,198588,-24812111,1,0,0
instance0,246,246,11961479978928,11961480175171,11961496747203,16541794,16768275,196243,-24898725,1,0,0
instance0,247,247,11961521645928,11961521884039,11961538360574,16445265,16714646,238111,-24952354,1,0,0
instance0,248,248,11961563312928,11961563511411,11961580675852,17133265,17362924,198483,-24304076,1,0,0
instance0,249,249,11961604979928,11961605173049,11961621935466,16729748,16955538,193121,-24711462,1,0,0
instance0,250,250,11961646646928,11961646872078,11961663775341,16872398,17128413,225150,-24538587,1,0,0
instance0,251,251,11961688313928,11961688514471,11961705097259,16553758,16783331,200543,-24883669,1,0,0
instance0,252,252,11961729980928,11961730184621,11961747466329,17249908,17485401,203693,-24181599,1,0,0
instance0,253,253,11961771647928,11961771836912,11961789079338,17211844,17431410,188984,-24235590,1,0,0
instance0,254,254,11961813314928,11961813524096,11961830374903,16820507,17059975,209168,-24607025,1,0,0
instance0,255,255,11961854981928,11961855168243,11961871501845,16305259,16519917,186315,-25147083,1,0,0
instance0,256,256,11961896648928,11961896833467,11961913597240,16734361,16948312,184539,-24718688,1,0,0
instance0,257,257,11961938315928,11961938385740,11961955372474,16957308,17056546,69812,-24610454,1,0,0
instance0,258,258,11961979982928,11961980171698,11961996933053,16732509,16950125,188770,-24716875,1,0,0
instance0,259,259,11962021649928,11962021860092,11962038308008,16418749,16658080,210164,-25008920,1,0,0
instance0,260,260,11962063316928,11962063508315,11962080503504,16964335,17186576,191387,-24480424,1,0,0
instance0,261,261,11962104983928,11962105231493,11962121566173,16305614,16582245,247565,-25084755,1,0,0
instance0,262,262,11962146650928,11962146857850,11962163486651,16599575,16835723,206922,-24831277,1,0,0
instance0,263,263,11962188317928,11962188594686,11962205402672,16777851,17084744,276758,-24582256,1,0,0
instance0,264,264,11962229984928,11962230183843,11962247390055,17176855,17405127,198915,-24261873,1,0,0
instance0,265,265,11962271651928,11962271857087,11962288666413,16780531,17014485,205159,-24652515,1,0,0
instance0,266,266,11962313318928,11962313522784,11962330648935,17097507,17330007,203856,-24336993,1,0,0
instance0,267,267,11962354985928,11962355179170,11962372371418,17162019,17385490,193242,-24281510,1,0,0
instance0,268,268,11962396652928,11962396721688,11962413668187,16916453,17015259,68760,-24651741,1,0,0
instance0,269,269,11962438319928,11962438511598,11962455813251,17270948,17493323,191670,-24173677,1,0,0
instance0,270,270,11962479986928,11962480181597,11962497454980,17241712,17468052,194669,-24198948,1,0,0
instance0,271,271,11962521653928,11962521843775,11962536503495,14629047,14849567,189847,-26817433,1,0,0
instance0,272,272,11962563320928,11962563529511,11962578377599,14819365,15056671,208583,-26610329,1,0,0
instance0,273,273,11962604987928,11962605176293,11962619769041,14564674,14781113,188365,-26885887,1,0,0
instance0,274,274,11962646654928,11962646862053,11962661646830,14756546,14991902,207125,-26675098,1,0,0
instance0,275,275,11962688321928,11962688512912,11962703274426,14729197,14952498,190984,-26714502,1,0,0
instance0,276,276,11962729988928,11962730184358,11962744925241,14711690,14936313,195430,-26730687,1,0,0
instance0,277,277,11962771655928,11962771860299,11962786567768,14678692,14911840,204371,-26755160,1,0,0
instance0,278,278,11962813322928,11962813540227,11962828200980,14632100,14878052,217299,-26788948,1,0,0
instance0,279,279,11962854989928,11962855200486,11962869603351,14374501,14613423,210558,-27053577,1,0,0
instance0,280,280,11962896656928,11962896970994,11962912111294,15113125,15454366,314066,-26212634,1,0,0
instance0,281,281,11962938323928,11962938506419,11962953239639,14708148,14915711,182491,-26751289,1,0,0
instance0,282,282,11962979990928,11962980061462,11962995186949,15095050,15196021,70534,-26470979,1,0,0
instance0,283,283,11963021657928,11963021846726,11963036925613,15049039,15267685,188798,-26399315,1,0,0
instance0,284,284,11963063324928,11963063513589,11963078522338,14978426,15197410,188661,-26469590,1,0,0
instance0,285,285,11963104991928,11963105178366,11963120157933,14949293,15166005,186438,-26500995,1,0,0
instance0,286,286,11963146658928,11963146842302,11963162043413,15172612,15384485,183374,-26282515,1,0,0
instance0,287,287,11963188325928,11963188525349,11963203858683,15302714,15532755,199421,-26134245,1,0,0
instance0,288,288,11963229992928,11963230199886,11963245705338,15475762,15712410,206958,-25954590,1,0,0
instance0,289,289,11963271659928,11963271935775,11963287153320,15186945,15493392,275847,-26173608,1,0,0
instance0,290,290,11963313326928,11963313553577,11963329170396,15585309,15843468,226649,-25823532,1,0,0
instance0,291,291,11963354993928,11963355190380,11963370431441,15211540,15437513,196452,-26229487,1,0,0
instance0,292,292,11963396660928,11963396854116,11963412537403,15652480,15876475,193188,-25790525,1,0,0
instance0,293,293,11963438327928,11963438522261,11963454534932,15978902,16207004,194333,-25459996,1,0,0
instance0,294,294,11963479994928,11963480190204,11963496234768,16011598,16239840,195276,-25427160,1,0,0
instance0,295,295,11963521661928,11963521851915,11963537524465,15642218,15862537,189987,-25804463,1,0,0
instance0,296,296,11963563328928,11963563519584,11963579367868,15817830,16038940,190656,-25628060,1,0,0
instance0,297,297,11963604995928,11963605180736,11963620617153,15407149,15621225,184808,-26045775,1,0,0
instance0,298,298,11963646662928,11963646864972,11963662487512,15594194,15824584,202044,-25842416,1,0,0
instance0,299,299,11963688329928,11963688598325,11963704508611,15877879,16178683,268397,-25488317,1,0,0
instance0,300,300,11963729996928,11963730191416,11963746166437,15945395,16169509,194488,-25497491,1,0,0
instance0,301,301,11963771663928,11963771888875,11963787963845,16043356,16299917,224947,-25367083,1,0,0
instance0,302,302,11963813330928,11963813533144,11963829552844,15987572,16221916,202216,-25445084,1,0,0
instance0,303,303,11963854997928,11963855209167,11963871295766,16058048,16297838,211239,-25369162,1,0,0
instance0,304,304,11963896664928,11963896858362,11963913189086,16299569,16524158,193434,-25142842,1,0,0
instance0,305,305,11963938331928,11963938517329,11963954460761,15912098,16128833,185401,-25538167,1,0,0
instance0,306,306,11963979998928,11963980238722,11963996422484,16151421,16423556,239794,-25243444,1,0,0
instance0,307,307,11964021665928,11964021880717,11964037975385,16061981,16309457,214789,-25357543,1,0,0
instance0,308,308,11964063332928,11964063521801,11964080020419,16458454,16687491,188873,-24979509,1,0,0
instance0,309,309,11964104999928,11964105193919,11964121591781,16368679,16591853,193991,-25075147,1,0,0
instance0,310,310,11964146666928,11964146860005,11964163250458,16359366,16583530,193077,-25083470,1,0,0
instance0,311,311,11964188333928,11964188591468,11964205342854,16719771,17008926,257540,-24658074,1,0,0
instance0,312,312,11964230000928,11964230232769,11964246758833,16495518,16757905,231841,-24909095,1,0,0
instance0,313,313,11964271667928,11964271912172,11964288340768,16396845,16672840,244244,-24994160,1,0,0
instance0,314,314,11964313334928,11964313523432,11964330075848,16521911,16740920,188504,-24926080,1,0,0
instance0,315,315,11964355001928,11964355200689,11964371774074,16542815,16772146,198761,-24894854,1,0,0
instance0,316,316,11964396668928,11964396901904,11964413840458,16907248,17171530,232976,-24495470,1,0,0
instance0,317,317,11964438335928,11964438401501,11964454470221,16040635,16134293,65573,-25532707,1,0,0
instance0,318,318,11964480002928,11964480192088,11964496344416,16123150,16341488,189160,-25325512,1,0,0
instance0,319,319,11964521669928,11964521848321,11964537714500,15837443,16044572,178393,-25622428,1,0,0
instance0,320,320,11964563336928,11964563533178,11964579465782,15905190,16128854,196250,-25538146,1,0,0
instance0,321,321,11964605003928,11964605198823,11964619151409,13926057,14147481,194895,-27519519,1,0,0
instance0,322,322,11964646670928,11964646872991,11964661512334,14608820,14841406,202063,-26825594,1,0,0
instance0,323,323,11964688337928,11964688526899,11964703056314,14500276,14718386,188971,-26948614,1,0,0
instance0,324,324,11964730004928,11964730252634,11964744924458,14642179,14919530,247706,-26747470,1,0,0
instance0,325,325,11964771671928,11964771914502,11964786701270,14757421,15029342,242574,-26637658,1,0,0
instance0,326,326,11964813338928,11964813539773,11964828542316,14970164,15203388,200845,-26463612,1,0,0
instance0,327,327,11964855005928,11964855188755,11964869903676,14684744,14897748,182827,-26769252,1,0,0
instance0,328,328,11964896672928,11964896894705,11964912024764,15091135,15351836,221777,-26315164,1,0,0
instance0,329,329,11964938339928,11964938555427,11964953220987,14634522,14881059,215499,-26785941,1,0,0
instance0,330,330,11964980006928,11964980200322,11964995147599,14917588,15140671,193394,-26526329,1,0,0
instance0,331,331,11965021673928,11965021926977,11965036975871,15018568,15301943,253049,-26365057,1,0,0
instance0,332,332,11965063340928,11965063533757,11965078374532,14808907,15033604,192829,-26633396,1,0,0
instance0,333,333,11965105007928,11965105203672,11965119923689,14690110,14915761,195744,-26751239,1,0,0
instance0,334,334,11965146674928,11965146894564,11965161863848,14940676,15188920,219636,-26478080,1,0,0
instance0,335,335,11965188341928,11965188584872,11965203190722,14574626,14848794,242944,-26818206,1,0,0
instance0,336,336,11965230008928,11965230202190,11965244897586,14666651,14888658,193262,-26778342,1,0,0
instance0,337,337,11965271675928,11965271900373,11965286756731,14829984,15080803,224445,-26586197,1,0,0
instance0,338,338,11965313342928,11965313535081,11965328273672,14709528,14930744,192153,-26736256,1,0,0
instance0,339,339,11965355009928,11965355221271,11965369654352,14404840,14644424,211343,-27022576,1,0,0
instance0,340,340,11965396676928,11965396943044,11965411968220,14994941,15291292,266116,-26375708,1,0,0
instance0,341,341,11965438343928,11965438544768,11965453380244,14807870,15036316,200840,-26630684,1,0,0
instance0,342,342,11965480010928,11965480267826,11965495176373,14881988,15165445,256898,-26501555,1,0,0
instance0,343,343,11965521677928,11965521866204,11965536727738,14833987,15049810,188276,-26617190,1,0,0
instance0,344,344,11965563344928,11965563544766,11965578676259,15101609,15331331,199838,-26335669,1,0,0
instance0,345,345,11965605011928,11965605245355,11965619984150,14708824,14972222,233427,-26694778,1,0,0
instance0,346,346,11965646678928,11965646958386,11965662144417,15156692,15465489,279458,-26201511,1,0,0
instance0,347,347,11965688345928,11965688531940,11965703722444,15159024,15376516,186012,-26290484,1,0,0
instance0,348,348,11965730012928,11965730224289,11965745554354,15298985,15541426,211361,-26125574,1,0,0
instance0,349,349,11965771679928,11965771942538,11965787298492,15324255,15618564,262610,-26048436,1,0,0
instance0,350,350,11965813346928,11965813552350,11965828931535,15348279,15584607,205422,-26082393,1,0,0
instance0,351,351,11965855013928,11965855291129,11965870529880,15208458,15515952,277201,-26151048,1,0,0
instance0,352,352,11965896680928,11965896872505,11965912097331,15195437,15416403,191577,-26250597,1,0,0
instance0,353,353,11965938347928,11965938533821,11965953489320,14927911,15141392,185893,-26525608,1,0,0
instance0,354,354,11965980014928,11965980221709,11965995601530,15351595,15586602,206781,-26080398,1,0,0
instance0,355,355,11966021681928,11966021863918,11966037179462,15289462,15497534,181990,-26169466,1,0,0
instance0,356,356,11966063348928,11966063528503,11966078659274,15101953,15310346,179575,-26356654,1,0,0
instance0,357,357,11966105015928,11966105207259,11966120270357,15034765,15254429,191331,-26412571,1,0,0
instance0,358,358,11966146682928,11966146926981,11966160224173,13268496,13541245,244053,-28125755,1,0,0
instance0,359,359,11966188349928,11966188567794,11966201893022,13295129,13543094,217866,-28123906,1,0,0
instance0,360,360,11966230016928,11966230209487,11966243550363,13313278,13533435,192559,-28133565,1,0,0
instance0,361,361,11966271683928,11966271897347,11966285396517,13468754,13712589,213419,-27954411,1,0,0
instance0,362,362,11966313350928,11966313545813,11966327462742,13884978,14111814,194885,-27555186,1,0,0
instance0,363,363,11966355017928,11966355222761,11966368940365,13686543,13922437,204833,-27744563,1,0,0
instance0,364,364,11966396684928,11966396918401,11966410775856,13826922,14090928,233473,-27576072,1,0,0
instance0,365,365,11966438351928,11966438555371,11966452477531,13892364,14125603,203443,-27541397,1,0,0
instance0,366,366,11966480018928,11966480218021,11966494375281,14126279,14356353,199093,-27310647,1,0,0
instance0,367,367,11966521685928,11966521876331,11966535895732,13988635,14209804,190403,-27457196,1,0,0
instance0,368,368,11966563352928,11966563623815,11966577751995,14096900,14399067,270887,-27267933,1,0,0
instance0,369,369,11966605019928,11966605242918,11966618847333,13576346,13827405,222990,-27839595,1,0,0
instance0,370,370,11966646686928,11966646934533,11966660936266,13971912,14249338,247605,-27417662,1,0,0
instance0,371,371,11966688353928,11966688550402,11966702366370,13786625,14012442,196474,-27654558,1,0,0
instance0,372,372,11966730020928,11966730264509,11966743263062,12969070,13242134,243581,-28424866,1,0,0
instance0,373,373,11966771687928,11966771892725,11966784714546,12792771,13026618,204797,-28640382,1,0,0
instance0,374,374,11966813354928,11966813544618,11966826273419,12701380,12918491,189690,-28748509,1,0,0
instance0,375,375,11966855021928,11966855269410,11966867830644,12533132,12808716,247482,-28858284,1,0,0
instance0,376,376,11966896688928,11966896913691,11966910024027,13071431,13335099,224763,-28331901,1,0,0
instance0,377,377,11966938355928,11966938567063,11966951760416,13161441,13404488,211135,-28262512,1,0,0
instance0,378,378,11966980022928,11966980247842,11966993263417,12986048,13240489,224914,-28426511,1,0,0
instance0,379,379,11967021689928,11967021872432,11967034706285,12804622,13016357,182504,-28650643,1,0,0
instance0,380,380,11967063356928,11967063624899,11967076576152,12920384,13219224,267971,-28447776,1,0,0
instance0,381,381,11967105023928,11967105269600,11967118119444,12822045,13095516,245672,-28571484,1,0,0
instance0,382,382,11967146690928,11967146944209,11967159894066,12920031,13203138,253281,-28463862,1,0,0
instance0,383,383,11967188357928,11967188553555,11967201818011,13232708,13460083,195627,-28206917,1,0,0
instance0,384,384,11967230024928,11967230237319,11967243685845,13420097,13660917,212391,-28006083,1,0,0
instance0,385,385,11967271691928,11967271875992,11967285122804,13217745,13430876,184064,-28236124,1,0,0
instance0,386,386,11967313358928,11967313560337,11967327541055,13947824,14182127,201409,-27484873,1,0,0
instance0,387,387,11967355025928,11967355212280,11967368901067,13658810,13875139,186352,-27791861,1,0,0
instance0,388,388,11967396692928,11967396922587,11967410918580,13964986,14225652,229659,-27441348,1,0,0
instance0,389,389,11967438359928,11967438554574,11967452411182,13826844,14051254,194646,-27615746,1,0,0
instance0,390,390,11967480026928,11967480263356,11967494630035,14336997,14603107,236428,-27063893,1,0,0
instance0,391,391,11967521693928,11967521889527,11967536100896,14181003,14406968,195599,-27260032,1,0,0
instance0,392,392,11967563360928,11967563549286,11967577861032,14283930,14500104,188358,-27166896,1,0,0
instance0,393,393,11967605027928,11967605227126,11967619400016,14146760,14372088,199198,-27294912,1,0,0
instance0,394,394,11967646694928,11967646895205,11967661361283,14436462,14666355,200277,-27000645,1,0,0
instance0,395,395,11967688361928,11967688551826,11967702986599,14404861,14624671,189898,-27042329,1,0,0
instance0,396,396,11967730028928,11967730263966,11967745174730,14880412,15145802,235038,-26521198,1,0,0
instance0,397,397,11967771695928,11967771885996,11967786710687,14794081,15014759,190068,-26652241,1,0,0
instance0,398,398,11967813362928,11967813568417,11967828609053,15010931,15246125,205489,-26420875,1,0,0
instance0,399,399,11967855029928,11967855340917,11967870417157,15044264,15387229,310989,-26279771,1,0,0
instance0,400,400,11967896696928,11967896946343,11967911704489,14726858,15007561,249415,-26659439,1,0,0
instance0,401,401,11967938363928,11967938571259,11967953228671,14626200,14864743,207331,-26802257,1,0,0
instance0,402,402,11967980030928,11967980279854,11967995241306,14930491,15210378,248926,-26456622,1,0,0
instance0,403,403,11968021697928,11968021886343,11968036396732,14482217,14698804,188415,-26968196,1,0,0
instance0,404,404,11968063364928,11968063597159,11968078504404,14876035,15139476,232231,-26527524,1,0,0
instance0,405,405,11968105031928,11968105227282,11968120025424,14759205,14993496,195354,-26673504,1,0,0
instance0,406,406,11968146698928,11968146940036,11968161798483,14827780,15099555,241108,-26567445,1,0,0
instance0,407,407,11968188365928,11968188558286,11968203266465,14678433,14900537,192358,-26766463,1,0,0
instance0,408,408,11968230032928,11968230233899,11968245223312,14958970,15190384,200971,-26476616,1,0,0
instance0,409,409,11968271699928,11968271962305,11968286720311,14726485,15020383,262377,-26646617,1,0,0
instance0,410,410,11968313366928,11968313564705,11968328355552,14759900,14988624,197777,-26678376,1,0,0
instance0,411,411,11968355033928,11968355273077,11968370592896,15287688,15558968,239149,-26108032,1,0,0
instance0,412,412,11968396700928,11968396904909,11968412396978,15460557,15696050,203981,-25970950,1,0,0
instance0,413,413,11968438367928,11968438609953,11968454184904,15544712,15816976,242025,-25850024,1,0,0
instance0,414,414,11968480034928,11968480245572,11968496105816,15833287,16070888,210644,-25596112,1,0,0
instance0,415,415,11968521701928,11968521888509,11968537885710,15966635,16183782,186581,-25483218,1,0,0
instance0,416,416,11968563368928,11968563600268,11968579844688,16214029,16475760,231340,-25191240,1,0,0
instance0,417,417,11968605035928,11968605220407,11968621177479,15928632,16141551,184479,-25525449,1,0,0
instance0,418,418,11968646702928,11968646885389,11968662937647,16022996,16234719,182461,-25432281,1,0,0
instance0,419,419,11968688369928,11968688652406,11968704636339,15952850,16266411,282478,-25400589,1,0,0
instance0,420,420,11968730036928,11968730262470,11968746276748,15985023,16239820,225542,-25427180,1,0,0
instance0,421,421,11968771703928,11968771938443,11968787774321,15805702,16070393,234515,-25596607,1,0,0
instance0,422,422,11968813370928,11968813569711,11968829233075,15635575,15862147,198783,-25804853,1,0,0
instance0,423,423,11968855037928,11968855229276,11968870442152,15184183,15404224,191348,-26262776,1,0,0
instance0,424,424,11968896704928,11968896965317,11968912783800,15787642,16078872,260389,-25588128,1,0,0
instance0,425,425,11968938371928,11968938581255,11968954916481,16305396,16544553,209327,-25122447,1,0,0
instance0,426,426,11968980038928,11968980265766,11968997033667,16736947,16994739,226838,-24672261,1,0,0
instance0,427,427,11969021705928,11969021899751,11969038924739,16993379,17218811,193823,-24448189,1,0,0
instance0,428,428,11969063372928,11969063564824,11969080942331,17345284,17569403,191896,-24097597,1,0,0
instance0,429,429,11969105039928,11969105224568,11969121550788,16296181,16510860,184640,-25156140,1,0,0
instance0,430,430,11969146706928,11969146904717,11969163646172,16709559,16939244,197789,-24727756,1,0,0
instance0,431,431,11969188373928,11969188563700,11969205508718,16913575,17134790,189772,-24532210,1,0,0
instance0,432,432,11969230040928,11969230256209,11969247557654,17270829,17516726,215281,-24150274,1,0,0
instance0,433,433,11969271707928,11969271922419,11969288960195,17007258,17252267,214491,-24414733,1,0,0
instance0,434,434,11969313374928,11969313578252,11969330206282,16595959,16831354,203324,-24835646,1,0,0
instance0,435,435,11969355041928,11969355115563,11969371079545,15930532,16037617,73635,-25629383,1,0,0
instance0,436,436,11969396708928,11969396900451,11969412449344,15516446,15740416,191523,-25926584,1,0,0
instance0,437,437,11969438375928,11969438617788,11969453802171,15154259,15426243,241860,-26240757,1,0,0
instance0,438,438,11969480042928,11969480233754,11969495225448,14961675,15182520,190826,-26484480,1,0,0
instance0,439,439,11969521709928,11969521907366,11969536112503,14174870,14402575,197438,-27264425,1,0,0
instance0,440,440,11969563376928,11969563564262,11969577830801,14234178,14453873,187334,-27213127,1,0,0
instance0,441,441,11969605043928,11969605229492,11969619227648,13967782,14183720,185564,-27483280,1,0,0
instance0,442,442,11969646710928,11969646906585,11969661383884,14447053,14672956,195657,-26994044,1,0,0
instance0,443,443,11969688377928,11969688595256,11969702939202,14310899,14561274,217328,-27105726,1,0,0
instance0,444,444,11969730044928,11969730236610,11969744498858,14233231,14453930,191682,-27213070,1,0,0
instance0,445,445,11969771711928,11969771999075,11969786358181,14317166,14646253,287147,-27020747,1,0,0
instance0,446,446,11969813378928,11969813571684,11969828095159,14491985,14716231,192756,-26950769,1,0,0
instance0,447,447,11969855045928,11969855245346,11969869665469,14389460,14619541,199418,-27047459,1,0,0
instance0,448,448,11969896712928,11969897011534,11969911783310,14742414,15070382,298606,-26596618,1,0,0
instance0,449,449,11969938379928,11969938566387,11969953610930,15012499,15231002,186459,-26435998,1,0,0
instance0,450,450,11969980046928,11969980245277,11969995600650,15324793,15553722,198349,-26113278,1,0,0
instance0,451,451,11970021713928,11970021909070,11970037390477,15450278,15676549,195142,-25990451,1,0,0
instance0,452,452,11970063380928,11970063579087,11970079569348,15957250,16188420,198159,-25478580,1,0,0
instance0,453,453,11970105047928,11970105264542,11970121119613,15824356,16071685,216614,-25595315,1,0,0
instance0,454,454,11970146714928,11970146908412,11970162777991,15836893,16063063,193484,-25603937,1,0,0
instance0,455,455,11970188381928,11970188652118,11970204370177,15687241,15988249,270190,-25678751,1,0,0
instance0,456,456,11970230048928,11970230251112,11970245751291,15468369,15702363,202184,-25964637,1,0,0
instance0,457,457,11970271715928,11970271922746,11970286801357,14850411,15085429,206818,-26581571,1,0,0
instance0,458,458,11970313382928,11970313581711,11970328596125,14984017,15213197,198783,-26453803,1,0,0
instance0,459,459,11970355049928,11970355311763,11970369921022,14577380,14871094,261835,-26795906,1,0,0
instance0,460,460,11970396716928,11970396928285,11970411667503,14706252,14950575,211357,-26716425,1,0,0
instance0,461,461,11970438383928,11970438583198,11970453114938,14501016,14731010,199270,-26935990,1,0,0
instance0,462,462,11970480050928,11970480311580,11970494840656,14497409,14789728,260652,-26877272,1,0,0
instance0,463,463,11970521717928,11970521915126,11970535620499,13675714,13902571,197198,-27764429,1,0,0
instance0,464,464,11970563384928,11970563578779,11970577408177,13799588,14023249,193851,-27643751,1,0,0
instance0,465,465,11970605051928,11970605252766,11970618622168,13339278,13570240,200838,-28096760,1,0,0
instance0,466,466,11970646718928,11970646910277,11970660227703,13287380,13508775,191349,-28158225,1,0,0
instance0,467,467,11970688385928,11970688577317,11970701678330,13071977,13292402,191389,-28374598,1,0,0
instance0,468,468,11970730052928,11970730264359,11970743441852,13147687,13388924,211431,-28278076,1,0,0
instance0,469,469,11970771719928,11970771902950,11970784688875,12757221,12968947,183022,-28698053,1,0,0
instance0,470,470,11970813386928,11970813582457,11970826404528,12792971,13017600,195529,-28649400,1,0,0
instance0,471,471,11970855053928,11970855244463,11970868319647,13045265,13265719,190535,-28401281,1,0,0
instance0,472,472,11970896720928,11970896931346,11970909994521,13032580,13273593,210418,-28393407,1,0,0
instance0,473,473,11970938387928,11970938581029,11970951517381,12906098,13129453,193101,-28537547,1,0,0
instance0,474,474,11970980054928,11970980243758,11970992987150,12715797,12932222,188830,-28734778,1,0,0
instance0,475,475,11971021721928,11971021947084,11971035044852,13067380,13322924,225156,-28344076,1,0,0
instance0,476,476,11971063388928,11971063610178,11971076841025,13200248,13452097,221250,-28214903,1,0,0
instance0,477,477,11971105055928,11971105279448,11971118802533,13493035,13746605,223520,-27920395,1,0,0
instance0,478,478,11971146722928,11971146909898,11971160484944,13547520,13762016,186970,-27904984,1,0,0
instance0,479,479,11971188389928,11971188579853,11971202721082,14110391,14331154,189925,-27335846,1,0,0
instance0,480,480,11971230056928,11971230263292,11971244521135,14227259,14464207,206364,-27202793,1,0,0
instance0,481,481,11971271723928,11971271924940,11971286263908,14307284,14539980,201012,-27127020,1,0,0
instance0,482,482,11971313390928,11971313588923,11971328339445,14719329,14948517,197995,-26718483,1,0,0
instance0,483,483,11971355057928,11971355250415,11971369693471,14413742,14635543,192487,-27031457,1,0,0
instance0,484,484,11971396724928,11971396919590,11971411765790,14814838,15040862,194662,-26626138,1,0,0
instance0,485,485,11971438391928,11971438595306,11971453510216,14884915,15118288,203378,-26548712,1,0,0
instance0,486,486,11971480058928,11971480251204,11971495444638,15162177,15385710,192276,-26281290,1,0,0
instance0,487,487,11971521725928,11971521918644,11971537158074,15206890,15432146,192716,-26234854,1,0,0
instance0,488,488,11971563392928,11971563594480,11971579021634,15385475,15628706,201552,-26038294,1,0,0
instance0,489,489,11971605059928,11971605250689,11971620589397,15307247,15529469,190761,-26137531,1,0,0
instance0,490,490,11971646726928,11971646967345,11971662599822,15600460,15872894,240417,-25794106,1,0,0
instance0,491,491,11971688393928,11971688584707,11971704026825,15404718,15632897,190779,-26034103,1,0,0
instance0,492,492,11971730060928,11971730267017,11971746040970,15744485,15980042,206089,-25686958,1,0,0
instance0,493,493,11971771727928,11971771921242,11971787441226,15490624,15713298,193314,-25953702,1,0,0
instance0,494,494,11971813394928,11971813597718,11971829224137,15597342,15829209,202790,-25837791,1,0,0
instance0,495,495,11971855061928,11971855295998,11971871011081,15678204,15949153,234070,-25717847,1,0,0
instance0,496,496,11971896728928,11971896937326,11971912790144,15823444,16061216,208398,-25605784,1,0,0
instance0,497,497,11971938395928,11971938640243,11971954278158,15608901,15882230,244315,-25784770,1,0,0
instance0,498,498,11971980062928,11971980254418,11971996211446,15925024,16148518,191490,-25518482,1,0,0
instance0,499,499,11972021729928,11972021918610,11972037719269,15769053,15989341,188682,-25677659,1,0,0
